slug,url,title,type,category
3d-molier-cargo-quadrocopter-drone-concept-design,https://evtol.news/3d-molier-cargo-quadrocopter-drone-concept-design,3D Molier Cargo Quadrocopter Drone (concept design),Hybrid-electric or electric heavy-lift VTOL intermodal cargo concept design drone,Wingless (Multicopter
4front-robotics-navig8,https://evtol.news/4front-robotics-navig8,4Front Robotics Navig8 (concept design),Scalable cargo and passenger eVTOL and hybrid-electric VTOL aircraft (concept design),Wingless (Multicopter
a2-cal-aptos-blue,https://evtol.news/a2-cal-aptos-blue,A2-Cal Aptos Blue (concept design),eVTOL air ambulance aircraft,
a2-cal-aptos-mini,https://evtol.news/a2-cal-aptos-mini,A2-Cal Aptos Mini (concept design),Uncrewed EMS hybrid-electric VTOL concept design helicopter,Electric Rotorcraft
a3-by-airbus,https://evtol.news/a3-by-airbus,Airbus Acubed Vahana Alpha One (defunct),eVTOL uncrewed demonstrator,
ace-vtol-gt-slipstream-concept-design,https://evtol.news/ace-vtol-gt-slipstream-concept-design,Ace VTOL GT Slipstream (concept design),eVTOL or hybrid-electric VTOL passenger and cargo concept design aircraft,
ace-vtol-slipstream-elite-concept-design,https://evtol.news/ace-vtol-slipstream-elite-concept-design,Ace VTOL Slipstream Elite (concept design),eVTOL or hybrid-electric VTOL passenger and cargo concept design aircraft,
ace-vtol-trinity-concept-design,https://evtol.news/ace-vtol-trinity-concept-design,Ace VTOL Trinity (concept design),eVTOL or hybrid-electric VTOL passenger and cargo concept design aircraft,
acs-aviation-z-300,https://evtol.news/acs-aviation-z-300,ACS Aviation Z-300 (concept design),Passenger eVTOL concept design aircraft,
acubed-vahana-alpha-two-defunct,https://evtol.news/acubed-vahana-alpha-two-defunct,Airbus Acubed Vahana Alpha Two (defunct),eVTOL trade show mock-up,
advanced-research-foundation-cyclocar,https://evtol.news/advanced-research-foundation-cyclocar,Advanced Research Foundation Cyclocar (concept design),Passenger or air cargo hybrid-electric VTOL aircraft (concept design),
advanced-system-engineering-bx4,https://evtol.news/advanced-system-engineering-bx4,Advanced System Engineering - FIPSI BX4,Hybrid-electric combination road vehicle and VTOL aircraft,
advanced-system-engineering-wx4,https://evtol.news/advanced-system-engineering-wx4,Advanced System Engineering - FIPSI WX4,Hybrid-electric combination road vehicle and VTOL aircraft,
advanced-tactics-afrl-transformer,https://evtol.news/advanced-tactics-afrl-transformer,Advanced Tactics AFRL Transformer,"Petroleum based, hybrid-electric power or all-electric multicopter VTOL passenger and air cargo aircraft and off-road vehicle",Wingless (Multicopter
advanced-tactics-barracuda,https://evtol.news/advanced-tactics-barracuda,Advanced Tactics Barracuda,"Petroleum based, hybrid-electric power or all-electric VTOL long-range scalable passenger and air cargo aircraft",
advanced-tactics-black-knight-transformer,https://evtol.news/advanced-tactics-black-knight-transformer,Advanced Tactics Black Knight Transformer,"Petroleum based, hybrid-electric power or all-electric multicopter VTOL passenger and air cargo aircraft and off-road vehicle",Wingless (Multicopter
advanced-tactics-transporter,https://evtol.news/advanced-tactics-transporter,Advanced Tactics Transporter,"Petroleum powered engine, hybrid-electric or all-electric multicopter cargo and passenger drone",Wingless (Multicopter
aeolus-aerospace-air-car,https://evtol.news/aeolus-aerospace-air-car,Aeolus Aerospace Air Car,eVTOL passenger aircraft,Wingless (Multicopter
aeras-51,https://evtol.news/aeras-51,Aeras 51,eVTOL passenger technology demonstrator,Wingless (Multicopter
aergility-atlis,https://evtol.news/aergility-atlis,Aergility Atlis Gen 1 (prototype),1/4 scale eVTOL cargo drone demonstrator,Lift plus Cruise
aergility-atlis-gen-2,https://evtol.news/aergility-atlis-gen-2,Aergility Atlis Gen 2 (prototype),1/4 scale eVTOL heavy-lift cargo drone,Lift plus Cruise
aergility-atlis-gen-3,https://evtol.news/aergility-atlis-gen-3,Aergility Atlis Gen 3 (prototype),eVTOL heavy-lift autonomous cargo drone,Lift plus Cruise
aerial-rider-1a-series,https://evtol.news/aerial-rider-1a-series,Aerial Rider 1A Series (production model),Surveillance and air cargo hybrid-electric VTOL production model aircraft,Lift plus Cruise
aerial-rider-5a-series,https://evtol.news/aerial-rider-5a-series,Aerial Rider 5A Series (production models),Scalable uncrewed multirole air cargo helicopter,Electric Rotorcraft
aerial-rider-5a07,https://evtol.news/aerial-rider-5a07,Aerial Rider 5A07 (concept design),Uncrewed multirole air cargo helicopter,Electric Rotorcraft
aerial-rider-5a09-r,https://evtol.news/aerial-rider-5a09-r,Aerial Rider 5A09-R (production model),Passenger VTOL production model helicopter,Electric Rotorcraft
aerial-rider-7a-series,https://evtol.news/aerial-rider-7a-series,Aerial Rider 7A Series (production model),Air cargo eVTOL multicopter aircraft,Wingless (Multicopter
aerial-rider-six-seater-evtol,https://evtol.news/aerial-rider-six-seater-evtol,Aerial Rider Six-Seater eVTOL (concept design),Passenger eVTOL concept design aircraft,Wingless (Multicopter
aerial-rider-tilt-rotor-evtol,https://evtol.news/aerial-rider-tilt-rotor-evtol,Aerial Rider Tilt-Rotor eVTOL (concept design),Tilt-rotor autonomous passenger eVTOL concept design aircraft,Wingless (Multicopter
aerial-vehicle-automation-winged-x8,https://evtol.news/aerial-vehicle-automation-winged-x8,Aerial Vehicle Automation Winged X8,,Lift plus Cruise
aerial-vehicle-automation-x8,https://evtol.news/aerial-vehicle-automation-x8,Aerial Vehicle Automation X8,,Wingless (Multicopter
aerodyne-group-vector-concept-concept-design,https://evtol.news/aerodyne-group-vector-concept-concept-design,Aerodyne Group Vector Concept  (concept design),"Concept design eVTOL passenger, cargo and surveillance multicopter aircraft",Wingless (Multicopter
aeroelektromash-r-34,https://evtol.news/aeroelektromash-r-34,Aeroelektromash R-34 (prototype),Hybrid-electric ultralight passenger helicopter prototype,Electric Rotorcraft
aeroelektromash-va-115,https://evtol.news/aeroelektromash-va-115,Aeroelektromash VA-115 (prototype),Hybrid-electric ultralight passenger training helicopter prototype,Electric Rotorcraft
aeroelektromash-va-250,https://evtol.news/aeroelektromash-va-250,Aeroelektromash VA-250 (concept design),All-electric or hybrid-electric ultralight passenger concept design helicopter,Electric Rotorcraft
aerofex-aero-x,https://evtol.news/aerofex-aero-x,Aerofex Aero-X,"eVTOL, hybrid-electric VTOL, fuel cells or an all petroleum based powered VTOL aircraft",Hoverbikes
aerofex-aero-x-drone,https://evtol.news/aerofex-aero-x-drone,Aerofex Aero-X Drone,"eVTOL, hybrid-electric VTOL, fuel cells, an all petroleum based powered VTOL aircraft.",Hoverbikes
aerofex-aero-x-motorcycle,https://evtol.news/aerofex-aero-x-motorcycle,Aerofex Aero-X Motorcycle,"eVTOL, hybrid-electric VTOL, fuel cells, an all petroleum based powered VTOL aircraft.",Hoverbikes
aerofex-aero-x-nautical,https://evtol.news/aerofex-aero-x-nautical,Aerofex Aero-X Nautical,"eVTOL, hybrid-electric VTOL, fuel cells or an all petroleum based powered VTOL aircraft which can land in water",Hoverbikes
aerofugia-technology-co-ltd-air-car-concept-design,https://evtol.news/aerofugia-technology-co-ltd-air-car-concept-design,Aerofugia Technology Co. Ltd. (Geely) Air Car (concept design),Passenger and air cargo eVTOL concept design aircraft and roadable vehicle,Lift plus Cruise
aerofugia-technology-co-ltd-geely-ae200-x01-technology-demonstrator,https://evtol.news/aerofugia-technology-co-ltd-geely-ae200-x01-technology-demonstrator,Aerofugia Technology Co. Ltd. (Geely)  AE200 X01 (technology demonstrator),Passenger eVTOL technology demonstrator aircraft,
aerofugia-technology-co-ltd-transporter-concept-design,https://evtol.news/aerofugia-technology-co-ltd-transporter-concept-design,Aerofugia Technology Co. Ltd. (Geely) Transporter (concept design),Passenger and air cargo eVTOL concept design aircraft,Lift plus Cruise
aerofugia-technology-company-tf-2,https://evtol.news/aerofugia-technology-company-tf-2,Aerofugia Technology Co. Ltd. (Geely) TF-2 (technology demonstrator),Passenger and air cargo eVTOL technology demonstration aircraft,Lift plus Cruise
aeromech-incorporated-am-20,https://evtol.news/aeromech-incorporated-am-20,AeroMech Incorporated AM-20,Virtual research eVTOL aircraft,Lift plus Cruise
aeronext-flying-gondola,https://evtol.news/aeronext-flying-gondola,Aeronext Flying Gondola,,
aerotrem-technologies-urban-rescue-mark-i,https://evtol.news/aerotrem-technologies-urban-rescue-mark-i,Aerotrem Technologies Urban Rescue Mark I (concept design),Emergency rescue passenger eVTOL (concept design),
aerotrem-technologies-urban-rescue-mark-iii,https://evtol.news/aerotrem-technologies-urban-rescue-mark-iii,Aerotrem Technologies Urban Rescue Mark III (concept design),Emergency rescue passenger eVTOL (concept design),
aerotrem-technologies-urban-rescue-mark-iv,https://evtol.news/aerotrem-technologies-urban-rescue-mark-iv,Aerotrem Technologies Urban Rescue Mark IV (concept design),Emergency rescue passenger eVTOL (concept design),
aggie-first-response-81,https://evtol.news/aggie-first-response-81,Aggie First Response 8+1 (concept design),Long-range passenger rescue eVTOL plane (concept design),Lift plus Cruise
aibot-aievtol,https://evtol.news/aibot-aievtol,Aibot aiEVTOL (concept design),Long-range hyper-performance passenger and cargo eVTOL concept design aircraft,
aibot-aievtol-drone,https://evtol.news/aibot-aievtol-drone,Aibot aiEVTOL Drone (concept design),Autonomous eVTOL air cargo concept design drone,
air-one,https://evtol.news/air-one,AIR VEV AIR ONE (technology demonstrator),Passenger eVTOL technology demonstrator aircraft,Wingless (Multicopter
air-race-e-unnamed-evtol-racer,https://evtol.news/air-race-e-unnamed-evtol-racer,Air Race E Unnamed eVTOL Racer,eVTOL racing concept design,
air-vev-air-one-cargo,https://evtol.news/air-vev-air-one-cargo,AIR VEV AIR ONE Cargo (production model),Air cargo eVTOL production model aircraft,
airbility-ab-2,https://evtol.news/airbility-ab-2,Airbility AB-2 (concept design),Passenger hybrid-electric heVTOL concept design aircraft,
airborne-motorworks-aerorise,https://evtol.news/airborne-motorworks-aerorise,Airborne Motorworks AeroRise,eVTOL heavy-lift passenger rescue platform aircraft,Wingless (Multicopter
airborne-motorworks-aerorunner,https://evtol.news/airborne-motorworks-aerorunner,Airborne Motorworks AeroRunner,eVTOL passenger hoverbike,Hoverbikes
airborne-motorworks-air-ambulance,https://evtol.news/airborne-motorworks-air-ambulance,Airborne Motorworks Air Ambulance,eVTOL air ambulance heavy-lift drone,Wingless (Multicopter
airborne-motorworks-aircommuter,https://evtol.news/airborne-motorworks-aircommuter,Airborne Motorworks AirCommuter,eVTOL passenger aircraft,Wingless (Multicopter
airborne-motorworks-genesis,https://evtol.news/airborne-motorworks-genesis,Airborne Motorworks Genesis,eVTOL luxury passenger aircraft,Wingless (Multicopter
airborne-motorworks-grocery-drone,https://evtol.news/airborne-motorworks-grocery-drone,Airborne Motorworks Grocery Drone,Scalable eVTOL grocery drone,Wingless (Multicopter
airborne-motorworks-intermodal-drone,https://evtol.news/airborne-motorworks-intermodal-drone,Airborne Motorworks Intermodal Drone,eVTOL heavy-lift cargo scalable intermodal container drone,Wingless (Multicopter
airborne-motorworks-phoenix,https://evtol.news/airborne-motorworks-phoenix,Airborne Motorworks Phoenix,eVTOL heavy-lift cargo drone,Wingless (Multicopter
airbus-acubed-vahana-beta-concept-design,https://evtol.news/airbus-acubed-vahana-beta-concept-design,Airbus Acubed Vahana Beta (concept design),eVTOL passenger concept design aircraft,
airbus-helicopters-cityairbus-nextgen-prototype,https://evtol.news/airbus-helicopters-cityairbus-nextgen-prototype,Airbus Helicopters CityAirbus NextGen (concept design),Passenger eVTOL concept design aircraft,Wingless (Multicopter
airbus-helicopters-cityairbus-nextgen-tech-demonstrator,https://evtol.news/airbus-helicopters-cityairbus-nextgen-tech-demonstrator,Airbus Helicopters CityAirbus NextGen (technology demonstrator),Passenger eVTOL prototype aircraft,Wingless (Multicopter
airbus-helicopters-cityairbus-nextgen-technology-demonstrator,https://evtol.news/airbus-helicopters-cityairbus-nextgen-technology-demonstrator,Airbus Helicopters CityAirbus NextGen (prototype),Passenger eVTOL prototype aircraft,Lift plus Cruise
airbus-italdesign-popup-next,https://evtol.news/airbus-italdesign-popup-next,Airbus Italdesign (Audi) Pop.Up Next (prototype),eVTOL roadable fully functional ¼ subscale prototype vehicle,Wingless (Multicopter
aircar-production-model,https://evtol.news/aircar-production-model,AirCar (production model),eVTOL passenger aircraft,Wingless (Multicopter
aircraft-lab-care-concept-design,https://evtol.news/aircraft-lab-care-concept-design,AirCRAFT Lab CARE (concept design),Passenger hybrid-electric VTOL aircraft (concept design),Lift plus Cruise
airflight-prototype-1,https://evtol.news/airflight-prototype-1,Airflight Prototype 1,eVTOL aircraft,Wingless (Multicopter
airisone,https://evtol.news/airisone,AirisOne,eVTOL passenger aircraft,
airspace-experience-technologies-asx-mobi-one-v2,https://evtol.news/airspace-experience-technologies-asx-mobi-one-v2,Airspace Experience Technologies (ASX) MOBi-One V2 (concept design),Hybrid-electric or eVTOL tilt-wing passenger or cargo concept aircraft,
airspace-experience-technologies-asx-mobi-one-v3,https://evtol.news/airspace-experience-technologies-asx-mobi-one-v3,Airspace Experience Technologies (ASX) MOBi-One V3 (concept design),Hybrid-electric VTOL or eVTOL tilt-wing passenger or cargo concept design aircraft,
airspace-experience-technologies-asx-sigma-6-cargo-drone,https://evtol.news/airspace-experience-technologies-asx-sigma-6-cargo-drone,Airspace Experience Technologies (ASX) Sigma-6 Cargo Drone (concept design),Hybrid-electric VTOL and eVTOL optional tilt-wing heavy-lift cargo concept design aircraft,
airspace-experience-technologies-asx-sigma-six,https://evtol.news/airspace-experience-technologies-asx-sigma-six,Airspace Experience Technologies (ASX) Sigma-6 (prototype),Hybrid-electric or eVTOL tilt-wing passenger or cargo prototype aircraft,
alakai-technologies-skai-prototype,https://evtol.news/alakai-technologies-skai-prototype,Alakai Technologies Skai (prototype),Hybrid-electric VTOL multicopter prototype aircraft,Wingless (Multicopter
alauda-airspeeder-mark-1,https://evtol.news/alauda-airspeeder-mark-1,Alauda Airspeeder Mk1,racing eVTOL subscale prototype,Wingless (Multicopter
alauda-airspeeder-mark-2,https://evtol.news/alauda-airspeeder-mark-2,Alauda Airspeeder Mk2,¾ scale racing eVTOL subscale prototype Passengers: 0—remote controlled flights,Wingless (Multicopter
alauda-airspeeder-mark-3,https://evtol.news/alauda-airspeeder-mark-3,Alauda Airspeeder Mk3,Racing eVTOL subscale aircraft,Wingless (Multicopter
alauda-airspeeder-mark-4,https://evtol.news/alauda-airspeeder-mark-4,Alauda Airspeeder Mk4,Racing eVTOL aircraft,Wingless (Multicopter
alauda-airspeeder-mk4-hydrogen-electric,https://evtol.news/alauda-airspeeder-mk4-hydrogen-electric,Alauda Airspeeder Mk4 (hydrogen-electric),Hybrid-electric VTOL high-speed low altitude racing aircraft,
alef-aeronautics-model-a,https://evtol.news/alef-aeronautics-model-a,ALEF Aeronautics Model A (concept design),Road driveable eVTOL passenger concept design vehicle,
alef-aeronautics-model-z,https://evtol.news/alef-aeronautics-model-z,ALEF Aeronautics Model Z (concept design),Road drivable eVTOL passenger vehicle concept design,
alef-aeronautics-zero-a,https://evtol.news/alef-aeronautics-zero-a,ALEF Aeronautics Zero A (technology demonstrator),Full scale passenger eVTOL technology demonstrator aircraft,
alef-aeronautics-zero-b,https://evtol.news/alef-aeronautics-zero-b,ALEF Aeronautics Zero B (technology demonstrator),Full scale passenger eVTOL technology demonstrator aircraft,
ali-technologies-hover-bike,https://evtol.news/ali-technologies-hover-bike,A.L.I. Technologies Hover Bike (defunct),,Hoverbikes
ali-technologies-xturismo,https://evtol.news/ali-technologies-xturismo,A.L.I. Technologies XTURISMO (defunct),,Hoverbikes
ali-technologies-xturismo-le,https://evtol.news/ali-technologies-xturismo-le,A.L.I. Technologies XTURISMO LE (defunct),One passenger hybrid-electric VTOL hoverbike prototype,Hoverbikes
aliptera-adr-1-dragon-rider,https://evtol.news/aliptera-adr-1-dragon-rider,Aliptera ADR-1 Dragon Rider,"eVTOL, hybrid-electric or gas powered VTOL aircraft Passengers: 1 lying in the prone position",Hoverbikes
aliptera-apv-1,https://evtol.news/aliptera-apv-1,Aliptera APV-1,eVTOL and hybrid-electric VTOL Passengers: 2,
altovolo-sigma,https://evtol.news/altovolo-sigma,AltoVolo Sigma (concept design),Passenger hybrid-electric eVTOL concept design aircraft,
alwinart-tesla-evtol-concept,https://evtol.news/alwinart-tesla-evtol-concept,Alwinart (Sagstuen) Tesla eVTOL Concept,eVTOL passenger concept design aircraft,
ambular-20,https://evtol.news/ambular-20,Ambular 2.0,eVTOL emergency medial response aircraft,Wingless (Multicopter
ambular-30,https://evtol.news/ambular-30,Ambular 3.0,eVTOL EMS passenger aircraft,Wingless (Multicopter
ambular-drone,https://evtol.news/ambular-drone,Ambular Drone,eVTOL drone to transport medical supplies,Wingless (Multicopter
ambular-pod,https://evtol.news/ambular-pod,Ambular Pod,EMS modular patient pod and attachable/detachable eVTOL aircraft,Wingless (Multicopter
american-aerospace-engineering-eversor,https://evtol.news/american-aerospace-engineering-eversor,American Aerospace Engineering Eversor,Hybrid-electric or eVTOL scalable and modular passenger and/or cargo aircraft,Lift plus Cruise
amo-zero-concept-design,https://evtol.news/amo-zero-concept-design,Amo ZEROº (concept design),eVTOL concept design helicopter,Electric Rotorcraft
amsl-aero-vertiia-concept-design,https://evtol.news/amsl-aero-vertiia-concept-design,AMSL Aero Vertiia (concept design),eVTOL or hybrid-electric VTOL passenger,
amsl-aero-vertiia-production-model-concept,https://evtol.news/amsl-aero-vertiia-production-model-concept,AMSL Aero Vertiia Production Model (concept design),Passenger and air cargo long-range hydrogen hybrid-electric VTOL concept design aircraft,
amsl-aero-vertiia-tilt-prop,https://evtol.news/amsl-aero-vertiia-tilt-prop,AMSL Aero Vertiia Tilt-Prop (concept design),eVTOL or hybrid-electric VTOL passenger,
antg-industry-antg-one,https://evtol.news/antg-industry-antg-one,AnTG Industry AnTG One (production model),Passenger eVTOL production aircraft,Wingless (Multicopter
aossci-technology-xc-150,https://evtol.news/aossci-technology-xc-150,Aossci Technology XC-150 (production model),Hybrid-electric VTOL drone production model,Lift plus Cruise
applied-evtol-concepts-epiphany-transporter,https://evtol.news/applied-evtol-concepts-epiphany-transporter,Applied eVTOL Concepts Epiphany Transporter (concept design),eVTOL passenger concept design aircraft,Wingless (Multicopter
applied-vtol-concepts-epiphany-flying-carpet,https://evtol.news/applied-vtol-concepts-epiphany-flying-carpet,Applied eVTOL Concepts Epiphany FLYING CARpet (concept design),Hybrid-electric passenger VTOL concept design multicopter aircraft,Wingless (Multicopter
arc-aero-systems-c-150-production-model,https://evtol.news/arc-aero-systems-c-150-production-model,ARC Aerosystems C-150 (production model),eVTOL or hybrid-electric VTOL cargo aircraft,Lift plus Cruise
arc-aero-systems-linx-p9,https://evtol.news/arc-aero-systems-linx-p9,ARC Aerosystems Linx P9,Hybrid-electric VTOL passenger winged compound powered gyrocopter,Electric Rotorcraft
arc-aerosystems-c-600-production-model,https://evtol.news/arc-aerosystems-c-600-production-model,ARC Aerosystems C-600 (production model),eVTOL and hybrid-electric VTOL cargo aircraft,Lift plus Cruise
arc-aerosystems-linx-p3,https://evtol.news/arc-aerosystems-linx-p3,ARC Aerosystems Linx P3,Passenger eVTOL gyrocopter aircraft,Electric Rotorcraft
arca-aerospace-corporation-arcaboard,https://evtol.news/arca-aerospace-corporation-arcaboard,ARCA Aerospace Corporation ArcaBoard (production model),eVTOL hoverboard,Hoverbikes
archer,https://evtol.news/archer,Archer Aviation Midnight (production aircraft),eVTOL aircraft,
archer-maker,https://evtol.news/archer-maker,Archer Aviation Maker (technology demonstrator),eVTOL 80%-scale technology demonstrator aircraft,
aridge-a868-prototype,https://evtol.news/aridge-a868-prototype,Aridge (XPeng) A868 (prototype),Uncrewed eVTOL tilt-prop aircraft (prototype),Lift plus Cruise
ascend-dynamics-skypak-v1,https://evtol.news/ascend-dynamics-skypak-v1,Ascend Dynamics SkyPak V1,eVTOL full-scale eVTOL prototype backpack multicopter,Hoverbikes
ascend-dynamics-skypak-v2,https://evtol.news/ascend-dynamics-skypak-v2,Ascend Dynamics SkyPak V2,eVTOL full-scale eVTOL prototype backpack multicopter,Hoverbikes
ascend-dynamics-skypak-x1,https://evtol.news/ascend-dynamics-skypak-x1,Ascend Dynamics SkyPak X1,eVTOL full-scale eVTOL production model backpack multicopter,Hoverbikes
ascendance-flight-technologies-atea,https://evtol.news/ascendance-flight-technologies-atea,Ascendance Flight Technologies ATEA (production aircraft),Hybrid-electric VTOL aircraft,Lift plus Cruise
aska-a5,https://evtol.news/aska-a5,ASKA A5 (production model),Autonomous full-scale hybrid-electric eVTOL passenger roadable prototype aircraft,
assen-a1,https://evtol.news/assen-a1,Assen Aeronautics A1 Explorer (defunct),eVTOL prototype,Hoverbikes
assen-aerospace-a2-avenger,https://evtol.news/assen-aerospace-a2-avenger,Assen Aerospace A2 Avenger,eVTOL (future model: hybrid-electric),Hoverbikes
astro-aerospace-alta,https://evtol.news/astro-aerospace-alta,Astro Aerospace Alta,,Wingless (Multicopter
astrox-racer,https://evtol.news/astrox-racer,AstroX Racer,eVTOL passenger multicopter aircraft,Wingless (Multicopter
auburn-university-albatross,https://evtol.news/auburn-university-albatross,Auburn University Albatross (concept design),Emergency response autonomous uncrewed eVTOL concept design aircraft,
auburn-university-hexa-chakra,https://evtol.news/auburn-university-hexa-chakra,Auburn University Hexa-Chakra Personal Air Vehicle (concept design),Passenger eVTOL multicopter concept design aircraft,Wingless (Multicopter
auburn-university-lpc-01-pushpak,https://evtol.news/auburn-university-lpc-01-pushpak,Auburn University LPC-01 Pushpak (concept design),Passenger eVTOL concept design aircraft,Lift plus Cruise
auburn-university-lpc-02-duevtol,https://evtol.news/auburn-university-lpc-02-duevtol,Auburn University LPC-02 DUeVTOL (concept design),Modular passenger and air cargo eVTOL and hybrid-electric VTOL concept design aircraft,Lift plus Cruise
auburn-university-lpc-03-phoenix,https://evtol.news/auburn-university-lpc-03-phoenix,Auburn University LPC-03 Phoenix (concept design),Passenger eVTOL and hybrid-electric VTOL concept design aircraft,Lift plus Cruise
auburn-university-tw-01-minokawa,https://evtol.news/auburn-university-tw-01-minokawa,Auburn University TW-01 Minokawa (concept design),Passenger eVTOL and hybrid-electric VTOL concept design tiltwing aircraft,
auburn-university-tw-02-pangolin,https://evtol.news/auburn-university-tw-02-pangolin,Auburn University TW-02 Pangolin (concept design),"Passenger battery, hybrid-electric and turbine-electric VTOL concept design aircraft",
auburn-university-vt-02-sevak,https://evtol.news/auburn-university-vt-02-sevak,Auburn University VT-02 Sevak (concept design),Passenger hybrid-electric VTOL scalable concept design aircraft,
auburn-university-vt-04-hexa-hauler,https://evtol.news/auburn-university-vt-04-hexa-hauler,Auburn University VT-04 Hexa-Hauler (concept design),Emergency response passenger eVTOL (concept design) aircraft,
aura-aerospace-guardian-g1-production-model,https://evtol.news/aura-aerospace-guardian-g1-production-model,Aura Aerospace Guardian G1 (prototype),eVTOL passenger prototype aircraft,Wingless (Multicopter
aura-aerospace-guardian-g2-production-model-concept-design,https://evtol.news/aura-aerospace-guardian-g2-production-model-concept-design,Aura Aerospace Guardian G2 (concept design),eVTOL passenger prototype aircraft,Wingless (Multicopter
aura-aerospace-guardian-prototype,https://evtol.news/aura-aerospace-guardian-prototype,Aura Aerospace Guardian 103 (prototype),eVTOL passenger prototype aircraft,Wingless (Multicopter
aura-aerospace-ranger,https://evtol.news/aura-aerospace-ranger,Aura Aerospace Ranger (concept design),Passenger ultra-long range hybrid-electric VTOL concept design aircraft,Lift plus Cruise
autoflight-carryall,https://evtol.news/autoflight-carryall,AutoFlight CarryAll V2000CG (production model),Passenger air cargo eVTOL production aircraft,Lift plus Cruise
autoflight-f240-hot-wheels,https://evtol.news/autoflight-f240-hot-wheels,AutoFlight F240 Hot Wheels (defunct),eVTOL firefighting multicopter,Lift plus Cruise
autoflight-firefighting,https://evtol.news/autoflight-firefighting,AutoFlight Firefighting (production model),Autonomous fire fighting eVTOL production model aircraft,Lift plus Cruise
autoflight-prosperity,https://evtol.news/autoflight-prosperity,AutoFlight Prosperity V2000EM (production model),Passenger eVTOL aircraft (production model),Lift plus Cruise
autoflight-v1200,https://evtol.news/autoflight-v1200,AutoFlight V1200 (concept design),Detachable passenger pod with independent flying eVTOL airframe,Lift plus Cruise
autoflight-v1500m,https://evtol.news/autoflight-v1500m,Autoflight Prosperty 1 V1500M (prototype),Passenger eVTOL prototype aircraft,Lift plus Cruise
autoflight-v400-albatross,https://evtol.news/autoflight-v400-albatross,AutoFlight Albatross V400 (production model),eVTOL and hybrid-electric VTOL cargo drone,Lift plus Cruise  Wingless (Multicopter
autoflightx-v1000,https://evtol.news/autoflightx-v1000,AutoFlight V1000 (prototype),,Lift plus Cruise
autoflightx-v880-cargo,https://evtol.news/autoflightx-v880-cargo,AutoFlight V880CG (prototype),Uncrewed heavy-lift air-cargo eVTOL aircraft (prototype),Lift plus Cruise
autonomous-flight-y6s-plus,https://evtol.news/autonomous-flight-y6s-plus,Autonomous Flight Y6S Plus,eVTOL luxury aircraft,
autonomous-support-for-disaster-lifesaver-asdl,https://evtol.news/autonomous-support-for-disaster-lifesaver-asdl,Autonomous Support for Disaster Lifesaver ASDL (concept design),Passenger eVTOL multicopter (concept design),Wingless (Multicopter
aviation-and-space-technologies-yurik,https://evtol.news/aviation-and-space-technologies-yurik,Aviation and Space Technologies Yurik,,Wingless (Multicopter
aviation-artur-trendak-t6,https://evtol.news/aviation-artur-trendak-t6,Aviation Artur Trendak T6 (prototype),Hybrid-electric eVTOL passenger gyrocopter,Electric Rotorcraft
aviation-industry-corporation-of-china-ag-ex,https://evtol.news/aviation-industry-corporation-of-china-ag-ex,Aviation Industry Corporation of China AG-EX (technology demonstrator),Passenger eVTOL half-scale technology demonstrator aircraft.,Lift plus Cruise
aviation-industry-corporation-of-china-avic-ar-e300,https://evtol.news/aviation-industry-corporation-of-china-avic-ar-e300,Aviation Industry Corporation of China (AVIC) AR-E300 (prototype),Passenger eVTOL multicopter prototype aircraft,Wingless (Multicopter
aviation-industry-corporation-of-china-avic-ar-e3000,https://evtol.news/aviation-industry-corporation-of-china-avic-ar-e3000,Aviation Industry Corporation of China (AVIC) AR-E3000 (prototype),Passenger eVTOL prototype aircraft,
avic-general-evtol,https://evtol.news/avic-general-evtol,China Aviation Industry General Aircraft (AVIC) General Aviation eVTOL (mockup),Passenger eVTOL mockup aircraft,
avidrone-aerospace-740t,https://evtol.news/avidrone-aerospace-740t,Avidrone Aerospace 740T (concept design),Heavy-lift air cargo hybrid-electric VTOL drone (concept design),Electric Rotorcraft
avidrone-aerospace-atlas,https://evtol.news/avidrone-aerospace-atlas,Avidrone  Aerospace Atlas (concept design),Heavy-lift cargo eVTOL multicopter drone (concept design),Wingless (Multicopter
avioneo-robotics-avioneo-2345,https://evtol.news/avioneo-robotics-avioneo-2345,Avioneo Robotics Avioneo 2345,eVTOL or hybrid-electric VTOL,
axix-skyrider-horizon,https://evtol.news/axix-skyrider-horizon,AXIX SkyRider Horizon,Hybrid-electric VTOL passenger aircraft,Wingless (Multicopter
b-technology-beccarii,https://evtol.news/b-technology-beccarii,B-Technology Beccarii Carcopter (concept design),Passenger hybrid-electric VTOL aircraft and roadable vehicle,Wingless (Multicopter
b-technology-beccarii-atd,https://evtol.news/b-technology-beccarii-atd,B-Technology Beccarii ATD (prototype),"Passenger hybrid-electric VTOL, land and water vehicle",Wingless (Multicopter
baaz,https://evtol.news/baaz,Baaz Concept Design,eVTOL,
baaz-production-model,https://evtol.news/baaz-production-model,Baaz B5,eVTOL and hybrid-electric VTOL aircraft,
banlan-aviation-technology-company-et-c22,https://evtol.news/banlan-aviation-technology-company-et-c22,Banlan Aviation Technology Company ET-C22 (prototype),Passenger eVTOL multicopter prototype aircraft,Wingless (Multicopter
bartini-four-passenger-concept-design,https://evtol.news/bartini-four-passenger-concept-design,Bartini (four passenger concept design),Hybrid-electric or all-electric VTOL passenger aircraft,
bartini-technology-demonstrator,https://evtol.news/bartini-technology-demonstrator,Bartini (Technology Demonstrator),Half-scale eVTOL technology demonstrator (never flown),
bartini-two-passenger-concept-design,https://evtol.news/bartini-two-passenger-concept-design,Bartini (two passenger concept design),Hybrid-electric or all-electric VTOL passenger aircraft,
bay-zoltan-flike-2,https://evtol.news/bay-zoltan-flike-2,Bay Zoltán Flike 2,,Hoverbikes
baykar-cezeri,https://evtol.news/baykar-cezeri,Baykar Cezeri,eVTOL multi-copter (or eVTOL quad-copter),Wingless (Multicopter
bee-flights-bee-1,https://evtol.news/bee-flights-bee-1,Bee Flights Bee-1,eVTOL passenger multicopter aircraft,Wingless (Multicopter
beifei-zhihang-tw-5000,https://evtol.news/beifei-zhihang-tw-5000,Beifei Zhihang TW-5000 (concept design),Long-range high-speed passenger hybrid-electric VTOL concept design aircraft,
beihang-university-blue-goose,https://evtol.news/beihang-university-blue-goose,Beihang University Blue Goose (technology demonstrator),eVTOL passenger sub-scale prototype,
beijing-shenmou-aircraft-technology-sysmo-hw450h,https://evtol.news/beijing-shenmou-aircraft-technology-sysmo-hw450h,Beijing Shenmou Aircraft Technology (SYSMO) HW450H (concept design),Passenger and air cargo eVTOL concept design aircraft,
bell-nexus-4ex,https://evtol.news/bell-nexus-4ex,Bell Nexus 4EX (concept design),eVTOL or hybrid-electric VTOL Pilot: Piloted until autonomous flying is available,
bellwether-industries-antelope,https://evtol.news/bellwether-industries-antelope,Bellwether Industries Antelope,eVTOL passenger aircraft,
beta-technologies-alia,https://evtol.news/beta-technologies-alia,Beta Technologies ALIA-250 (prototype),eVTOL passenger and cargo aircraft,Lift plus Cruise  Wingless (Multicopter
bivect-air-air-rider,https://evtol.news/bivect-air-air-rider,Bivect Air Air Rider (concept design),Recreational passenger eVTOL multicopter (concept design),Wingless (Multicopter
bivect-air-ariel,https://evtol.news/bivect-air-ariel,Bivect Air Ariel (concept design),Emergency rescue passenger eVTOL multicopter concept design,Wingless (Multicopter
bivect-air-nymbus,https://evtol.news/bivect-air-nymbus,Bivect Air Nymbus (concept design),Scalable passenger eVTOL multicopter (concept design),Wingless (Multicopter
bivect-air-odyssey,https://evtol.news/bivect-air-odyssey,Bivect Air Odyssey (concept design),Passenger eVTOL multicopter (concept design),Wingless (Multicopter
bivect-air-rogue,https://evtol.news/bivect-air-rogue,Bivect Air Rogue (concept design),Passenger eVTOL multicopter (concept design),Wingless (Multicopter
bivect-air-tandem-x,https://evtol.news/bivect-air-tandem-x,Bivect Air Tandem-X (concept design),Emergency rescue passenger eVTOL multicopter (concept design),Wingless (Multicopter
bivect-air-twister,https://evtol.news/bivect-air-twister,Bivect Air Twister (concept design),Passenger eVTOL multicopter (concept design),Wingless (Multicopter
blue-space-aircraft-company-yunfan-2,https://evtol.news/blue-space-aircraft-company-yunfan-2,Blue Space Aircraft Company (Weilan Space Flight Technology) Yunfan-2 (prototype),Air cargo and passenger eVTOL prototype aircraft,
bluesky-aviation-technology-company-lan,https://evtol.news/bluesky-aviation-technology-company-lan,BlueSky Aviation Technology Company LAN (concept design),Long-range heavy-lift air cargo eVTOL concept design aircraft,
boeing-cargo-air-vehicle-cv1,https://evtol.news/boeing-cargo-air-vehicle-cv1,Boeing Cargo Air Vehicle CV1 (prototype),eVTOL air cargo prototype drone,Wingless (Multicopter
boeing-cargo-air-vehicle-it1,https://evtol.news/boeing-cargo-air-vehicle-it1,Boeing Cargo Air Vehicle IT1 (concept design),Heavy-lift eVTOL air cargo prototype drone,Wingless (Multicopter
boeing-cargo-air-vehicle-it2,https://evtol.news/boeing-cargo-air-vehicle-it2,Boeing Cargo Air Vehicle IT2 (concept design),Heavy-lift eVTOL air cargo prototype drone,Wingless (Multicopter
braunwagner-skycab,https://evtol.news/braunwagner-skycab,SkyCab,eVTOL aircraft,Lift plus Cruise
cadillac-vtol,https://evtol.news/cadillac-vtol,Cadillac VTOL,Single seat eVTOL,
california-state-polytechnic-university-pegasus,https://evtol.news/california-state-polytechnic-university-pegasus,California State Polytechnic University Pegasus (concept design),Passenger and air cargo rescue eVTOL aircraft (concept design),Lift plus Cruise
callaway-arkham-city-batwing,https://evtol.news/callaway-arkham-city-batwing,Callaway Arkham City Batwing (concept design),Hybrid-electric VTOL passenger concept design aircraft,
caltech-morphobot-m4,https://evtol.news/caltech-morphobot-m4,Caltech Morphobot M4 (prototype),"Open source scalable passenger or cargo eVTOL, roadable and walkable subscale prototype vehicle",
caps,https://evtol.news/caps,CAPS  (Concept Design),eVTOL concept design aircraft with a separate recharging landing station,Wingless (Multicopter
caps-production-aircraft,https://evtol.news/caps-production-aircraft,CAPS (Production Aircraft),eVTOL product aircraft with a separate recharging landing station,Wingless (Multicopter
cargotron-pd250,https://evtol.news/cargotron-pd250,CargoTron PD250,Hybrid-electric VTOL air cargo aircraft,Lift plus Cruise
carnegie-mellon-tartan-air-rescue-traav-160,https://evtol.news/carnegie-mellon-tartan-air-rescue-traav-160,Carnegie Mellon Tartan Air Rescue TRAAV-160 (concept design),Uncrewed rescue hybrid-electric eVTOL multicopter (concept design),Wingless (Multicopter
cartivator-skydrive-concept-design,https://evtol.news/cartivator-skydrive-concept-design,Cartivator SkyDrive (concept design),Passenger eVTOL aircraft (concept design),Wingless (Multicopter
central-aerohydrodynamic-institute-era,https://evtol.news/central-aerohydrodynamic-institute-era,Central Aerohydrodynamic Institute ERA,eVTOL,Lift plus Cruise
central-aerohydrodynamic-institute-flying-taxi,https://evtol.news/central-aerohydrodynamic-institute-flying-taxi,Central Aerohydrodynamic Institute Flying Taxi,eVTOL multicopter for passenger and cargo,Wingless (Multicopter
cfc-aircar,https://evtol.news/cfc-aircar,CFC AirCAR,,
cfj-vtol-ecargo-concept-design,https://evtol.news/cfj-vtol-ecargo-concept-design,CFJ-VTOL eCargo (concept design),Heavy-lift eVTOL air cargo concept design aircraft,
champagne-and-ciprian-onyx-evtol,https://evtol.news/champagne-and-ciprian-onyx-evtol,Champagne and Ciprian Onyx eVTOL,eVTOL passenger aircraft,Wingless (Multicopter
chatillon-buzzaxe-h5-concept-design,https://evtol.news/chatillon-buzzaxe-h5-concept-design,Chatillon Buzzaxe H5 (concept design),High speed hybrid-electric VTOL passenger racer,
chatillon-ciconia-concept-design,https://evtol.news/chatillon-ciconia-concept-design,Chatillon Ciconia (concept design),eVTOL passenger concept design aircraft,
chatillon-drone-air-cargo,https://evtol.news/chatillon-drone-air-cargo,Chatillon Drone Air Cargo (concept design),eVTOL heavy-lift scalable concept design cargo drone,Lift plus Cruise
chatillon-gyrobulance-concept-design,https://evtol.news/chatillon-gyrobulance-concept-design,Chatillon Gyrobulance (concept design),eVTOL concept design air ambulance,Wingless (Multicopter
chatillon-h10-ems-concept-design,https://evtol.news/chatillon-h10-ems-concept-design,Chatillon H10 EMS (concept design),Multicopter eVTOL passenger concept design emergency medical services aircraft,Wingless (Multicopter
chatillon-haut-quadraxes-concept-design,https://evtol.news/chatillon-haut-quadraxes-concept-design,Chatillon Haut QuadrAxes (concept design),Multicopter eVTOL concept design hoverbike,Hoverbikes
chatillon-hexadeka-concept-design,https://evtol.news/chatillon-hexadeka-concept-design,Chatillon HexaDeka (concept design),eVTOL passenger concept design aircraft,Wingless (Multicopter
chatillon-jet-concept-design,https://evtol.news/chatillon-jet-concept-design,Chatillon Jet (concept design),eVTOL passenger concept design aircraft,Lift plus Cruise
chatillon-le-colibri-concept-design,https://evtol.news/chatillon-le-colibri-concept-design,Chatillon Le Colibri (concept design),Hybrid-electric VTOL passenger concept aircraft,
chatillon-le-frelon-v01-concept-design,https://evtol.news/chatillon-le-frelon-v01-concept-design,Chatillon Le Frelon V01 (concept design),eVTOL personal concept design backpack aircraft,Hoverbikes
chatillon-livraison-express-cargo-drone-concept-design,https://evtol.news/chatillon-livraison-express-cargo-drone-concept-design,Chatillon Livraison Express (cargo drone concept design),eVTOL medium-lift concept design air cargo drone,Wingless (Multicopter
chatillon-mon-nouveau-concept-design,https://evtol.news/chatillon-mon-nouveau-concept-design,Chatillon Mon Nouveau (concept design),eVTOL passenger concept design aircraft,Wingless (Multicopter
chatillon-motofly-concept-design,https://evtol.news/chatillon-motofly-concept-design,Chatillon MotoFly (concept design),Hybrid-electric VTOL hoverbike kit concept design aircraft,Hoverbikes
chatillon-nautiquad-concept-design,https://evtol.news/chatillon-nautiquad-concept-design,Chatillon NautiQuad (concept design),eVTOL personal concept design hoverbike,Hoverbikes
chatillon-quadraxes-air-racer,https://evtol.news/chatillon-quadraxes-air-racer,Chatillon Quadraxes Air Racer (concept design),eVTOL passenger concept design air racer,Wingless (Multicopter
chatillon-rescq-concept-design,https://evtol.news/chatillon-rescq-concept-design,Chatillon Rescq (concept design),eVTOL passenger and air cargo concept design aircraft,Wingless (Multicopter
chatillon-triaxes-concept-design,https://evtol.news/chatillon-triaxes-concept-design,Chatillon TriAxes (concept design),eVTOL hoverbike concept design,Hoverbikes
chatillon-tritan-jet-t1-concept-design,https://evtol.news/chatillon-tritan-jet-t1-concept-design,Chatillon Tritan Jet T1 (concept design),Hybrid-electric passenger VTOL concept design aircraft,
chatillon-tritan-jet-tq-concept-design,https://evtol.news/chatillon-tritan-jet-tq-concept-design,Chatillon Tritan Jet TQ (concept design),Hybrid-electric VTOL passenger concept design aircraft,
chatillon-triton-series-of-aircraft,https://evtol.news/chatillon-triton-series-of-aircraft,Chatillon Triton (series of concept design aircraft),Series of eVTOL passenger concept design aircraft,Wingless (Multicopter
chatillon-whisper-concept-design,https://evtol.news/chatillon-whisper-concept-design,Chatillon Whisper (concept design),eVTOL passenger emergency medial service concept design aircraft,Wingless (Multicopter
chery-automobile-modular-flying-car,https://evtol.news/chery-automobile-modular-flying-car,Chery Automobile Land and Air Vehicle (prototype),Modular passenger eVTOL prototype aircraft and ground vehicle,Lift plus Cruise
china-automotive-innovation-corporation-jiangtun-1-subscale-prototype,https://evtol.news/china-automotive-innovation-corporation-jiangtun-1-subscale-prototype,China Automotive Innovation Corporation (CAIC) Jiangtun 1 (subscale prototype),Uncrewed eVTOL subscale prototype,
china-helicopter-research-and-development-institute-electric-helicopter,https://evtol.news/china-helicopter-research-and-development-institute-electric-helicopter,China Helicopter Research and Development Institute Electric Helicopter (technology demonstrator),Passenger electric helicopter technology demonstrator,Electric Rotorcraft
choli-cargonaut,https://evtol.news/choli-cargonaut,Choli Cargonaut (concept design),Humanoid robotic heavy-lift eVTOL air cargo drone,Electric Rotorcraft
chongqing-flying-car-prototype,https://evtol.news/chongqing-flying-car-prototype,Chongqing Flying Car (prototype),eVTOL passenger flying and roadable vehicle,Wingless (Multicopter
chongqing-university-zy-3-concept-design,https://evtol.news/chongqing-university-zy-3-concept-design,Chongqing University ZY-3 (concept design),Passenger eVTOL concept design,
chrdi-avic-sylan,https://evtol.news/chrdi-avic-sylan,China Helicopter Research and Development Institute Sylan (mockup),Hybrid-electric VTOL or eVTOL flying car,Wingless (Multicopter
cityjumper,https://evtol.news/cityjumper,CityJumper,eVTOL aircraft and electric ground vehicle,Wingless (Multicopter
coflow-jet-cfj-vtol-concept-design,https://evtol.news/coflow-jet-cfj-vtol-concept-design,Coflow Jet CFJ-VTOL (concept design),eVTOL passenger concept design aircraft,
coflow-jet-cfj-vtol-tw-concept-design,https://evtol.news/coflow-jet-cfj-vtol-tw-concept-design,Coflow Jet CFJ-VTOL TW (concept design),eVTOL passenger concept design aircraft,
cognitive-bird-hdp01,https://evtol.news/cognitive-bird-hdp01,Cognitive Bird HDP01,eVTOL passenger technology demonstrator,Wingless (Multicopter
cognitive-bird-hdp02,https://evtol.news/cognitive-bird-hdp02,Cognitive Bird HDP02,eVTOL passenger technology demonstrator,Wingless (Multicopter
cognitive-bird-hdp03,https://evtol.news/cognitive-bird-hdp03,Cognitive Bird HDP03,eVTOL passenger technology demonstrator,Wingless (Multicopter
collaborativebee-mini-bee,https://evtol.news/collaborativebee-mini-bee,Technoplane Mini-Bee VIP (concept design),Hybrid-electric VTOL VIP passenger concept design aircraft,
colugo-systems,https://evtol.news/colugo-systems,Colugo Systems ARC 500,Hybrid-Electric VTOL,Lift plus Cruise
comac-ce4vt,https://evtol.news/comac-ce4vt,Commercial Aircraft Corporation of China (COMAC) CE-4VT (concept design),Passenger eVTOL concept design aircraft,Lift plus Cruise
comac-et480,https://evtol.news/comac-et480,Commercial Aircraft Corporation of China (COMAC) ET480 (technology demonstrator),Hybrid-electric VTOL technology demonstrator aircraft,Lift plus Cruise
comac-evtol,https://evtol.news/comac-evtol,Commercial Aircraft Corporation of China (COMAC) ET120 (technology demonstrator),Hybrid-electric subscale VTOL aircraft demonstrator,Lift plus Cruise
comac-tian-gong,https://evtol.news/comac-tian-gong,Commercial Aircraft Corporation of China (COMAC) Tian Gong (prototype),Air cargo eVTOL prototype aircraft,
composite-fx-xe-volt-mosquito-proof-of-concept,https://evtol.news/composite-fx-xe-volt-mosquito-proof-of-concept,Composite-FX XE-Volt Mosquito (proof-of-concept),All-electric one passenger demonstrator helicopter,Electric Rotorcraft
concept-aircraft-aircycle,https://evtol.news/concept-aircraft-aircycle,Concept Aircraft Aircycle,Hybrid-electric VTOL aircraft Pilot: 1 pilot Flight control: Navio/Raspberry Pi flight computer Power source: 34-hp [25- kW] Predator 670cc ,
cool-black-technology-flying-car-v9-concept-design,https://evtol.news/cool-black-technology-flying-car-v9-concept-design,Cool Black Technology Flying Car V9 (concept design),Passenger eVTOL air and ground concept design vehicle,Wingless (Multicopter
copterpack-copterpack,https://evtol.news/copterpack-copterpack,CopterPack CopterPack,All-electric backpack personal helicopter,Hoverbikes
craft-aerospace-unnamed-evtol,https://evtol.news/craft-aerospace-unnamed-evtol,Odys Aviation Unnamed eVTOL,Hybrid-electric VTOL aircraft,
craneaero-crane-p5,https://evtol.news/craneaero-crane-p5,CraneAERO Crane P.5 (prototype),1/2 subscale passenger emergency rescue eVTOL multicopter aircraft (prototype),Wingless (Multicopter
crisalion-mobility-integrity-6,https://evtol.news/crisalion-mobility-integrity-6,Crisalion Mobility Integrity 6 (concept design),Long-range eVTOL passenger and air cargo concept design aircraft,
crisalion-mobility-new-concept-2,https://evtol.news/crisalion-mobility-new-concept-2,Crisalion Mobility New Concept 2 (concept design),eVTOL passenger multicopter concept design aircraft,
cyclotech-air-taxi-v2,https://evtol.news/cyclotech-air-taxi-v2,CycloTech Air Taxi V2 (concept design),Passenger eVTOL concept design aircraft,
cyclotech-blackbird,https://evtol.news/cyclotech-blackbird,CycloTech BlackBird (technology demonstrator),Uncrewed eVTOL technology demonstrator aircraft,
cyclotech-bumble-bee,https://evtol.news/cyclotech-bumble-bee,CycloTech Bumble Bee (technology demonstrator),Uncrewed eVTOL CyclorRotor technology demonstrator,
cyclotech-ccy-01,https://evtol.news/cyclotech-ccy-01,CycloTech CCY-01 (concept design),Air cargo eVTOL concept design drone,
cyclotech-compound-helicopter,https://evtol.news/cyclotech-compound-helicopter,CycloTech Compound Helicopter (concept design),Passenger multi-power source compound helicopter concept design rotorcraft,Electric Rotorcraft
cyclotech-cruiseup,https://evtol.news/cyclotech-cruiseup,CycloTech CruiseUp (concept design),Passenger hybrid-electric or all-electric VTOL concept design aircraft,
cyclotech-d-dalus,https://evtol.news/cyclotech-d-dalus,CycloTech D-Dalus (concept design),Passenger hybrid-electric VTOL concept design aircraft,
cyclotech-passenger-demonstrator,https://evtol.news/cyclotech-passenger-demonstrator,CycloTech Air Taxi V1 (concept design),Hybrid-electric VTOL or eVTOL passenger concept design aircraft,
cyclotech-uav-demonstrator,https://evtol.news/cyclotech-uav-demonstrator,CycloTech UAV Demonstrator (concept design),Multiple power source UAV technology demonstrator (concept design),
dahir-insaat-azur-rail,https://evtol.news/dahir-insaat-azur-rail,Dahir Insaat Azur Rail,eVTOL high capacity aircraft,Lift plus Cruise
dahir-insaat-azurequad-rail,https://evtol.news/dahir-insaat-azurequad-rail,Dahir Insaat AzureQuad Rail,eVTOL high capacity aircraft,Wingless (Multicopter
dahir-insaat-bleuclair-rail,https://evtol.news/dahir-insaat-bleuclair-rail,Dahir Insaat BleuClair Rail,eVTOL high capacity aircraft,Lift plus Cruise
dahir-insaat-mauve-rail,https://evtol.news/dahir-insaat-mauve-rail,Dahir Insaat Mauve Rail,eVTOL high capacity aircraft,Lift plus Cruise
dahir-insaat-orquad-rail,https://evtol.news/dahir-insaat-orquad-rail,Dahir Insaat OrQuad Rail,eVTOL high capacity aircraft,Wingless (Multicopter
dahir-insaat-rouge-rail,https://evtol.news/dahir-insaat-rouge-rail,Dahir Insaat Rouge Rail,eVTOL high capacity aircraft,Lift plus Cruise
darpa-ancillary-tactical-drone-proposer,https://evtol.news/darpa-ancillary-tactical-drone-proposer,DARPA Ancillary Tactical Drone (concept design),Long-endurance heavy-lift cargo and/or armed hybrid-electric VTOL infrastructureless launch and recovery tactical drone concept design aircr,
davies-tesla-concept-model-v2,https://evtol.news/davies-tesla-concept-model-v2,Davies Tesla Concept Model V2 (concept design),eVTOL passenger concept aircraft,
davinci-technology-zerog-v1-concept-design,https://evtol.news/davinci-technology-zerog-v1-concept-design,DaVinci Technology ZeroG V1 (concept design),eVTOL concept design passenger aircraft,Wingless (Multicopter
davinci-technology-zerog-v2-concept-design,https://evtol.news/davinci-technology-zerog-v2-concept-design,DaVinci Technology ZeroG V2 (concept design),eVTOL multicopter passenger aircraft,Wingless (Multicopter
davinci-zerog-technology-demonstrator,https://evtol.news/davinci-zerog-technology-demonstrator,DaVinci Technology ZeroG (technology demonstrator),eVTOL passenger multicopter technology demonstrator,Wingless (Multicopter
daymak-avvenire-skyrider,https://evtol.news/daymak-avvenire-skyrider,Daymak Avvenire Skyrider,eVTOL autonomous aircraft,Wingless (Multicopter
deep-blue-aviation-mx-18-silhouette-5,https://evtol.news/deep-blue-aviation-mx-18-silhouette-5,Deep Blue Aviation MX 18 Silhouette 5,eVTOL cargo drone,
deep-blue-aviation-mx-18-silhouette-m,https://evtol.news/deep-blue-aviation-mx-18-silhouette-m,Deep Blue Aviation MX 18 Silhouette M,eVTOL,
deep-blue-aviation-mx-18-silhouette-x,https://evtol.news/deep-blue-aviation-mx-18-silhouette-x,Deep Blue Aviation MX 18 Silhouette X,eVTOL,
deep-blue-aviation-sky-cruiser,https://evtol.news/deep-blue-aviation-sky-cruiser,Deep Blue Aviation Sky Cruiser,eVTOL and helium lift.,
delft-university-of-technology-aether,https://evtol.news/delft-university-of-technology-aether,Delft University of Technology Aether (concept design),eVTOL passenger aircraft,
delft-university-of-technology-wigeon-concept-design,https://evtol.news/delft-university-of-technology-wigeon-concept-design,Delft University of Technology Wigeon (concept design),eVTOL long-range passenger aircraft,
detroit-flying-cars-wild-dream-1,https://evtol.news/detroit-flying-cars-wild-dream-1,Detroit Flying Cars WD-1,Hybrid-electric VTOL and road vehicle,
diamond-aircraft-industries-h2edt,https://evtol.news/diamond-aircraft-industries-h2edt,Diamond Aircraft Industries H2EDT (testbed),Subscale (half-scale) hydrogen-hybrid eVTOL testbed aircraft,Lift plus Cruise
didia-atlas-concept-design,https://evtol.news/didia-atlas-concept-design,Didia Atlas (concept design),Scalable heavy-lift eVTOL air cargo concept design aircraft,
didia-blueflite,https://evtol.news/didia-blueflite,Didia Blueflite,Scalable eVTOL air cargo aircraft,
didia-combat-scout-concept-design,https://evtol.news/didia-combat-scout-concept-design,Didia Combat Scout (concept design),Armed military eVTOL passenger concept design aircraft,Wingless (Multicopter
didia-dragonfly-concept-design,https://evtol.news/didia-dragonfly-concept-design,Didia Dragonfly (concept design),Scalable heavy-lift eVTOL air cargo aircraft,Wingless (Multicopter
didia-mantas-concept-design,https://evtol.news/didia-mantas-concept-design,Didia Mantas (concept design),Scalable heavy-lift eVTOL air cargo concept design aircraft,
didia-scout-concept-design,https://evtol.news/didia-scout-concept-design,Didia Scout (concept design),Miliary armed hybrid-electric VTOL one passenger scout concept design aircraft,Lift plus Cruise
didia-titan-concept-design,https://evtol.news/didia-titan-concept-design,Didia Titan (concept design),Scalable heavy-lift eVTOL air cargo aircraft,
didia-monarch-flyer-concept-design,https://evtol.news/didia-monarch-flyer-concept-design,Didia Monarch Flyer (concept design),eVTOL passenger multicopter concept design,Wingless (Multicopter
doroni-aerospace-h1-x,https://evtol.news/doroni-aerospace-h1-x,Doroni Aerospace H1-X (concept design),Passenger eVTOL aircraft (concept design),Lift plus Cruise
doroni-aerospace-h1-x-mockup,https://evtol.news/doroni-aerospace-h1-x-mockup,Doroni Aerospace H1-X (mockup),Full-scale passenger eVTOL aircraft (planned production model specifications),Lift plus Cruise
doroni-aerospace-h1-x-cargo,https://evtol.news/doroni-aerospace-h1-x-cargo,Doroni Aerospace H1-X Cargo (concept design),Air cargo eVTOL concept aircraft,Lift plus Cruise
doroni-aerospace-h1-xe-ems,https://evtol.news/doroni-aerospace-h1-xe-ems,Doroni Aerospace H1-XE EMS (concept design),Passenger EMS eVTOL concept aircraft,Lift plus Cruise
doroni-aerospace-h1-xm-military,https://evtol.news/doroni-aerospace-h1-xm-military,Doroni Aerospace H1-XM Military (concept design),Air cargo eVTOL concept aircraft,Lift plus Cruise
doroni-aerospace-h1-xp-police,https://evtol.news/doroni-aerospace-h1-xp-police,Doroni Aerospace H1-XP Police (concept design),Passenger EMS eVTOL concept aircraft,Lift plus Cruise
doroni-carbon-one,https://evtol.news/doroni-carbon-one,Doroni Aerospace Carbon One (concept design),Passenger eVTOL aircraft (concept design),Wingless (Multicopter
doroni-h1-technology-demonstrator,https://evtol.news/doroni-h1-technology-demonstrator,Doroni Aerospace H1 (technology demonstrator),Passenger eVTOL technology demonstrator aircraft,Wingless (Multicopter
doroni-h1,https://evtol.news/doroni-h1,Doroni Aerospace H1 (concept design),eVTOL passenger aircraft or cargo aircraft,Lift plus Cruise
draco-2-uas,https://evtol.news/draco-2-uas,Sabrewing Draco-2 UAS (dormant),,
doroni-x8,https://evtol.news/doroni-x8,Doroni Aerospace X8 (concept design),Passenger eVTOL concept design aircraft,Wingless (Multicopter
doroni-yellowjacket-y6,https://evtol.news/doroni-yellowjacket-y6,Doroni Aerospace Yellowjacket Y6 (prototype),Passenger eVTOL prototype aircraft,Wingless (Multicopter
dragonair-airboard-3,https://evtol.news/dragonair-airboard-3,DragonAir Airboard 3,,Hoverbikes
dream-aerospace-technology-df3000,https://evtol.news/dream-aerospace-technology-df3000,DreamFly Aerotech DF3000 Youlong (concept design),Long-range passenger hybrid-electric or electric VTOL prototype aircraft,
dragonair-airboard-2,https://evtol.news/dragonair-airboard-2,DragonAir Airboard 2,,Hoverbikes
drone-champions-big-drone,https://evtol.news/drone-champions-big-drone,Drone Champions Big Drone,Aerobatic eVTOL aircraft,Wingless (Multicopter
dream-sky-technology-df3000,https://evtol.news/dream-sky-technology-df3000,Dream Sky Technology DF3000 (concept design),Long-range passenger hybrid-electric VTOL concept design aircraft,Lift plus Cruise
dream-aerospace-technology-df600,https://evtol.news/dream-aerospace-technology-df600,Dream Aerospace Technology DF600 Jinghong (prototype),Long-range heavy-lift air cargo hybrid-electric or electric VTOL prototype aircraft,
dta-aircraft-manufacturer-evtol-4-dta,https://evtol.news/dta-aircraft-manufacturer-evtol-4-dta,DTA Aircraft Manufacturer eVTOL-4 DTA (concept design),Passenger eVTOL multicopter aircraft,Wingless (Multicopter
dta-aircraft-manufacturer-evtol-2-dta,https://evtol.news/dta-aircraft-manufacturer-evtol-2-dta,DTA Aircraft Manufacturer eVTOL-2 DTA (production model),Passenger eVTOL multicopter aircraft,Wingless (Multicopter
dufour-aerospace-aero-3,https://evtol.news/dufour-aerospace-aero-3,Dufour Aerospace aEro 3 (defunct),Hybrid-electric or eVTOL EMS concept design aircraft,
dufour-aerospace-aero2-cargo-drone,https://evtol.news/dufour-aerospace-aero2-cargo-drone,Dufour Aerospace Aero2 (cargo drone),Hybrid-electric VTOL air cargo drone,
dufour-aerospace-vtol-technology-demonstrator,https://evtol.news/dufour-aerospace-vtol-technology-demonstrator,Dufour Aerospace VTOL Technology Demonstrator,Hybrid-electric VTOL or eVTOL tilt-wing subscale technology demonstrator aircraft,
dufour-aerospace-aero3-production-aircraft,https://evtol.news/dufour-aerospace-aero3-production-aircraft,Dufour Aerospace Aero3 (production aircraft),Hybrid-electric VTOL passenger aircraft,
duofu-aviation-duofu-gyrocopter-evtol,https://evtol.news/duofu-aviation-duofu-gyrocopter-evtol,Duofu Aviation Duofu Gyrocopter eVTOL (concept design),Passenger gyrocopter eVTOL concept design,Electric Rotorcraft
duofu-aviation-duofu-tilt-propeller-evtol,https://evtol.news/duofu-aviation-duofu-tilt-propeller-evtol,Duofu Aviation Duofu Tilt-Propeller eVTOL (concept design),Passenger tilt-propeller eVTOL concept design,
duofu-aviation-duofu-electric-helicopter,https://evtol.news/duofu-aviation-duofu-electric-helicopter,Duofu Aviation Duofu Electric Helicopter (concept design),Passenger electric helicopter concept design,Electric Rotorcraft
e-hawk-technology-group-eagle-air-taxi,https://evtol.news/e-hawk-technology-group-eagle-air-taxi,E-HAWK Technology Group Eagle Air Taxi,Autonomous passenger hybrid-electric VTOL aircraft (prototype),Wingless (Multicopter
eads-airbus-eco2avia-mock-up,https://evtol.news/eads-airbus-eco2avia-mock-up,EADS (Airbus) eCO2avia (mock-up),Hybrid-electric passenger helicopter (mock-up),Electric Rotorcraft
e-hawk-technology-group-eagle-air-cargo,https://evtol.news/e-hawk-technology-group-eagle-air-cargo,E-HAWK Technology Group Eagle Air Cargo (prototype),Autonomous air cargo hybrid-electric VTOL aircraft (prototype),Wingless (Multicopter
eagle-team-marvin,https://evtol.news/eagle-team-marvin,Eagle Team M.A.R.VI.N. (concept design),Passenger emergency rescue hybrid-electric helicopter (concept design),Electric Rotorcraft
edea-221-jay,https://evtol.news/edea-221-jay,Edea 22/1 Jay,Concept hybrid-electric VTOL or eVTOL when battery technology becomes better. Passengers: 2 passenger,Hoverbikes
ecolibri,https://evtol.news/ecolibri,Ecolibri,Hybrid-electric VTOL passenger aircraft,Lift plus Cruise
edea-223-kamino,https://evtol.news/edea-223-kamino,Edea 22/3 Kamino,Quadcopter hyrid-electric VTOL,Hoverbikes
edea-222-squid,https://evtol.news/edea-222-squid,Edea 22/2 Squid,,Hoverbikes
edea-224-revtol,https://evtol.news/edea-224-revtol,Edea 22/4 REVTOL,eVTOL helicopter,Electric Rotorcraft
ehang-116,https://evtol.news/ehang-116,EHang 116 (prototype),eVTOL passenger prototype multicopter,Wingless (Multicopter
ehang,https://evtol.news/ehang,EHang 184 (defunct),Autonomous passenger eVTOL multicopter aircraft (prototype),Wingless (Multicopter
efc-iufo,https://evtol.news/efc-iufo,SMD Shenzhen Smart Drone UAV (EFC) iUFO (prototype),Passenger eVTOL prototype aircraft,
ehang-216l-logistics,https://evtol.news/ehang-216l-logistics,EHang EH216-L (production model),Heavy-lift air cargo eVTOL multicopter drone (production model),Wingless (Multicopter
ehang-eh216-f,https://evtol.news/ehang-eh216-f,EHang EH216-F (production model),Uncrewed firefighting eVTOL multicopter drone production model,Wingless (Multicopter
ehang-216,https://evtol.news/ehang-216,EHang EH216-S (production model),Autonomous passenger eVTOL multicopter production model aircraft,Wingless (Multicopter
ehang-vt30,https://evtol.news/ehang-vt30,EHang VT-30 (prototype),Passenger eVTOL aircraft (prototype),Lift plus Cruise
ehang-vt-25,https://evtol.news/ehang-vt-25,EHang VT-25 (concept design),Passenger eVTOL aircraft (concept design),Lift plus Cruise
ehang-vt35,https://evtol.news/ehang-vt35,EHang VT35 (production model),Passenger eVTOL aircraft (production model),Lift plus Cruise
ejet-aerospace-gjet-aeon,https://evtol.news/ejet-aerospace-gjet-aeon,eJet Aerospace GJet AEon,eVTOL passenger gyrocopter,Electric Rotorcraft
ejet-aerospace-gjet-koan,https://evtol.news/ejet-aerospace-gjet-koan,eJet Aerospace GJet Koan,eVTOL passenger gyrocopter,Electric Rotorcraft
electric-airspace-y6,https://evtol.news/electric-airspace-y6,Electric Airspace Y6,"eVTOL subscale demonstrator aircraft, to be made into a passenger aircraft",
electric-jet-aircraft-ej-1h-jetpack,https://evtol.news/electric-jet-aircraft-ej-1h-jetpack,Electric Jet Aircraft EJ-1H Jetpack,eVTOL jet pack,Hoverbikes
electric-jet-aircraft-vertipod-iv,https://evtol.news/electric-jet-aircraft-vertipod-iv,Electric Jet Aircraft VertiPod IV,eVTOL cargo multicopter aircraft,Wingless (Multicopter
electric-jet-aircraft-verticoupe,https://evtol.news/electric-jet-aircraft-verticoupe,Electric Jet Aircraft VertiCoupe,eVTOL aircraft,Hoverbikes
electrofluidsystems-h2plasmaray-666,https://evtol.news/electrofluidsystems-h2plasmaray-666,Electrofluidsystems H2PlasmaRay 6.66,Hybrid-electric VTOL (in the future eVTOL),Lift plus Cruise
elroy-air-chaparral-c1,https://evtol.news/elroy-air-chaparral-c1,Elroy Air Chaparral C1,Hybrid-electric VTOL pre-production cargo drone,Lift plus Cruise
elevate-deflt-elevate-1-concept-design,https://evtol.news/elevate-deflt-elevate-1-concept-design,Elevate Deflt Elevate 1 (concept design),Emergency medical passenger eVTOL multicopter aircraft (concept design),Wingless (Multicopter
elroy-air-chapparral,https://evtol.news/elroy-air-chapparral,Elroy Air Chaparral (Technology Demonstrator),Hybrid-electric VTOL technology demonstrator cargo aircraft Pilot type: Autonomous,Lift plus Cruise
elytron-aircraft-elytron-10s,https://evtol.news/elytron-aircraft-elytron-10s,Elytron Aircraft Elytron 10S (concept design),Hybrid-electric VTOL passenger concept design aircraft,
elsa-industry-elsa-h-uav,https://evtol.news/elsa-industry-elsa-h-uav,ELSA Industry ELSA-H UAV (concept design),eVTOL or hybrid-electric VTOL air cargo drone concept design,
elytron-aircraft-elytron-4s,https://evtol.news/elytron-aircraft-elytron-4s,Elytron Aircraft Elytron 4S (concept design),Hybrid-electric VTOL passenger concept design aircraft,
emagic-aircraft-emagic-one,https://evtol.news/emagic-aircraft-emagic-one,eMagic Aircraft eMagic One,eVTOL passenger aircraft,Lift plus Cruise
emagic-aircraft-emagic-next,https://evtol.news/emagic-aircraft-emagic-next,eMagic Aircraft eMagic Next,eVTOL passenger aircraft,Lift plus Cruise
emagic-aircraft-testbed,https://evtol.news/emagic-aircraft-testbed,eMagic Aircraft Copter,eVTOL passenger multicopter testbed,Lift plus Cruise
embraer-pulse-concept,https://evtol.news/embraer-pulse-concept,Embraer Pulse Concept (concept design),Passenger pod which fits inside eVTOL and electric car vehicles,Lift plus Cruise
embraer,https://evtol.news/embraer,Eve Air Mobility Eve V3 (concept design),eVTOL passenger concept design aircraft Pilot: 1 pilot or autonomous capable Fly-by-wire: 5th generation fly-by-wire Passengers: 4 passenger,Lift plus Cruise
embry-riddle-pav-er,https://evtol.news/embry-riddle-pav-er,Embry-Riddle PAV-ER (technology demonstrator),Uncrewed eVTOL technology demonstrator,
embry-riddle-pav-er-concept-design,https://evtol.news/embry-riddle-pav-er-concept-design,Embry-Riddle PAV-ER (concept design),Passenger hybrid-electric VTOL aircraft (concept design),
emotion-aircraft-emotion,https://evtol.news/emotion-aircraft-emotion,Emotion Aircraft Emotion (concept design),Passenger eVTOL and STOL concept design aircraft,
erc-system-charlie,https://evtol.news/erc-system-charlie,ERC System Charlie (concept design),Emergency medical services (EMS) passenger eVTOL aircraft (concept design),Lift plus Cruise
erc-system-charlie-c700,https://evtol.news/erc-system-charlie-c700,ERC System Charlie C700 (production model),Passenger hybrid-electric VTOL (production model),Lift plus Cruise
erc-system-echo,https://evtol.news/erc-system-echo,ERC System Echo (technology demonstrator),Uncrewed eVTOL technology demonstrator,Wingless (Multicopter
erc-system-echo-romeo,https://evtol.news/erc-system-echo-romeo,ERC System Romeo (technology demonstrator),Romeo full-scale uncrewed eVTOL technology demonstrator aircraft,Lift plus Cruise
erc-system-victor-u250,https://evtol.news/erc-system-victor-u250,ERC System Victor U250 (production model),High-speed heavy-lift air cargo hybrid-electric VTOL drone (production model),Lift plus Cruise
esprit-aeronautics-heavy-lift-cargo-utility-platform,https://evtol.news/esprit-aeronautics-heavy-lift-cargo-utility-platform,Esprit Aeronautics Heavy Lift Cargo Utility Platform,,Lift plus Cruise
eve-air-mobility-eve-military-model,https://evtol.news/eve-air-mobility-eve-military-model,Eve Air Mobility Eve M1 (concept design),Military passenger eVTOL concept design aircraft,Lift plus Cruise
eve-air-mobility-eve-production-model,https://evtol.news/eve-air-mobility-eve-production-model,Eve Air Mobility Eve (production model),eVTOL passenger planned production model aircraft,Lift plus Cruise
eve-air-mobility-eve-prototype,https://evtol.news/eve-air-mobility-eve-prototype,Eve Air Mobility Eve (prototype),Full scale eVTOL prototype aircraft,Lift plus Cruise
eve-air-mobility-eve-v1-concept-design,https://evtol.news/eve-air-mobility-eve-v1-concept-design,Eve Air Mobility Eve V1 (concept design),eVTOL multicopter passenger aircraft,Wingless (Multicopter
event-38-heavy-lift-drone,https://evtol.news/event-38-heavy-lift-drone,Event 38 Heavy-lift Drone,eVTOL cargo drone,Wingless (Multicopter
eve-air-mobility-eve-v2-concept-design,https://evtol.news/eve-air-mobility-eve-v2-concept-design,Eve Air Mobility Eve V2 (concept design),eVTOL multicopter passenger aircraft,Lift plus Cruise
events,https://evtol.news/events,Past Events,,
evt-aerotechnics-et3-concept-design,https://evtol.news/evt-aerotechnics-et3-concept-design,EVT Aerotechnics ET3 (concept design),Air cargo and passenger hybrid-electric VTOL concept design aircraft,Lift plus Cruise
evt-aerotechnics-et9-001,https://evtol.news/evt-aerotechnics-et9-001,EVT Aerotechnics ET9 001 (prototype),Passenger eVTOL prototype aircraft,Lift plus Cruise
evt-aerotechnics-et9-concept-design,https://evtol.news/evt-aerotechnics-et9-concept-design,EVT Aerotechnics ET9 (concept design),Passenger eVTOL prototype aircraft,Lift plus Cruise
exa-air-car,https://evtol.news/exa-air-car,EXA Air Car,VTOL aircraft and submarine Passengers: 4 VTOL lift: 8 electric fans Resources: EXA website EXA Facebook   VFS Member? Log in to read more! ,Wingless (Multicopter
fbike-flying-bike-technology-demonstrator,https://evtol.news/fbike-flying-bike-technology-demonstrator,FBike Flying Bike (technology demonstrator),eVTOL bicycle concept design,
fei-peng-fp-981c,https://evtol.news/fei-peng-fp-981c,Aerospace Times Feipeng FP-981C Sagittarius (production model),Long-range air cargo eVTOL production model drone,Lift plus Cruise
fireswarm-sar-wasp,https://evtol.news/fireswarm-sar-wasp,FireSwarm Solutions SAR Wasp (concept design),Heavy-lift long-range multirole emergency and air cargo hybrid-electric VTOL drone (concept design),Wingless (Multicopter
fireswarm-solutions-thunderwasp-gt,https://evtol.news/fireswarm-solutions-thunderwasp-gt,FireSwarm Solutions Thunder Wasp GT (prototype),Firefighting heavy-lift long-range hybrid-electric VTOL drone (prototype),Wingless (Multicopter
flexcraft-test-bench-rpv,https://evtol.news/flexcraft-test-bench-rpv,Flexcraft RPV,Hybrid-electric V/STOL main wing (with detachable passenger and cargo pods),
flexcraft-vera,https://evtol.news/flexcraft-vera,Flexcraft VERA,Hybrid-electric V/STOL aircraft with detachable passenger and cargo pods,
flexcraft-vera-ii,https://evtol.news/flexcraft-vera-ii,Flexcraft VERA II,Hybrid-electric V/STOL aircraft with detachable wheeled road-ready passenger and cargo pods,Lift plus Cruise
flight-win-assault-eagle-2000,https://evtol.news/flight-win-assault-eagle-2000,Flight Win Innovation Technology Co. Assault Eagle 2000 (prototype),Long-range passenger or air cargo hybrid-electric VTOL tilt-rotor prototype aircraft,Lift plus Cruise
flowcopter-fc100,https://evtol.news/flowcopter-fc100,Flowcopter FC100 (production model),Autonomous air cargo hybrid-VTOL production model,Wingless (Multicopter
flugauto-unnamed-cargo-drone,https://evtol.news/flugauto-unnamed-cargo-drone,Blueflite Slate,Remote eVTOL cargo drone,Wingless (Multicopter
flutr-motors-flutr,https://evtol.news/flutr-motors-flutr,Flutr Motors Flutr,hybrid-electric VTOL wingless multicopter. (Future models to be eVTOL wingless multicopter.),Wingless (Multicopter
flynow-aviation-ecopter-c200b-concept-design,https://evtol.news/flynow-aviation-ecopter-c200b-concept-design,FlyNow Aviation eCopter C200B (concept design),Air cargo electric concept design helicopter,Electric Rotorcraft
flynow-aviation-ecopter-p2b-concept-design,https://evtol.news/flynow-aviation-ecopter-p2b-concept-design,FlyNow Aviation eCopter P2B (concept design),Passenger all-electric concept design helicopter,Electric Rotorcraft
flynow-aviation-ecopter-proof-of-concept,https://evtol.news/flynow-aviation-ecopter-proof-of-concept,FlyNow Aviation eCopter (proof-of-concept),Electric helicopter air taxi,Electric Rotorcraft
flynow-aviation-flynow-pav,https://evtol.news/flynow-aviation-flynow-pav,FlyNow Aviation eCopter P1B (concept design),Passenger all-electric concept design helicopter,Electric Rotorcraft
flyt-aerospace-flytcycle-16,https://evtol.news/flyt-aerospace-flytcycle-16,Flyt Aerospace FlytCycle 16 (defunct),eVTOL passenger multicopter aircraft,Wingless (Multicopter
flyt-aerospace-flytcycle-hoverboard,https://evtol.news/flyt-aerospace-flytcycle-hoverboard,Flyt Aerospace FlytCycle Hoverboard (defunct),eVTOL one passenger multicopter hoverboard,Wingless (Multicopter
flyt-aerospace-flytcycle-v1,https://evtol.news/flyt-aerospace-flytcycle-v1,Flyt Aerospace FlytCycle V1 (defunct),eVTOL one passenger defunct prototype multicopter aircraft,Wingless (Multicopter
flyt-aerospace-flytcycle-v15,https://evtol.news/flyt-aerospace-flytcycle-v15,Flyt Aerospace FlytCycle V1.5 (defunct),eVTOL one passenger defunct prototype multicopter aircraft,Wingless (Multicopter
flyt-aerospace-flytcycle-v2,https://evtol.news/flyt-aerospace-flytcycle-v2,Flyt Aerospace FlytCycle V2 (defunct),eVTOL one passenger defunct prototype multicopter aircraft,Wingless (Multicopter
flyt-aerospace-liberator,https://evtol.news/flyt-aerospace-liberator,Flyt Aerospace Liberator (defunct),eVTOL one passenger multicopter prototype battlefield aircraft,Wingless (Multicopter
flyt-aerospace-mark-iii,https://evtol.news/flyt-aerospace-mark-iii,Flyt Aerospace Mark III (defunct),eVTOL one passenger defunct prototype multicopter aircraft,Wingless (Multicopter
flyt-aerospace-mark-iv,https://evtol.news/flyt-aerospace-mark-iv,Flyt Aerospace Mark IV (defunct),eVTOL defunct prototype multicopter drone,Wingless (Multicopter
flyt-aerospace-medevac-drone,https://evtol.news/flyt-aerospace-medevac-drone,Flyt Aerospace Medevac Drone (concept design),eVTOL medivac concept design military done,Wingless (Multicopter
flyt-aerospace-red-hummingbird,https://evtol.news/flyt-aerospace-red-hummingbird,Flyt Aerospace Red Hummingbird (concept design),eVTOL passenger concept design aircraft (all specifications are estimated),Wingless (Multicopter
flyt-aerospace-supply-drone,https://evtol.news/flyt-aerospace-supply-drone,Flyt Aerospace Supply Drone (concept design),Heavy-lift eVTOL air cargo military concept design multicopter drone,Wingless (Multicopter
flyt-aerospace-troop-transporter-ft-2,https://evtol.news/flyt-aerospace-troop-transporter-ft-2,Flyt Aerospace Troop Transporter FT-2 (concept design),eVTOL passenger military concept design multicopter,Wingless (Multicopter
flytcycle,https://evtol.news/flytcycle,Flyt Aerospace FlytCycle V3 (concept design),eVTOL passenger concept design aircraft,Wingless (Multicopter
fraundorfer-aeronautics-tensor,https://evtol.news/fraundorfer-aeronautics-tensor,Fraundorfer Aeronautics Tensor,,Electric Rotorcraft
fraundorfer-aeronautics-tensor-600x,https://evtol.news/fraundorfer-aeronautics-tensor-600x,Fraundorfer Aeronautics Tensor 600X,,Electric Rotorcraft
frogs-282,https://evtol.news/frogs-282,Frogs 282,eVTOL,Wingless (Multicopter
full-throttle-aerial-scorpion,https://evtol.news/full-throttle-aerial-scorpion,Full Throttle Aerial Scorpion,eVTOL cargo drone or hybrid-electric VTOL (using fuel cells),Wingless (Multicopter
gadfin-spirit-x,https://evtol.news/gadfin-spirit-x,Gadfin Spirit X,Hybrid-electric VTOL cargo aircraft (powered by hydrogen),Lift plus Cruise
galvani-fly-citycopter-concept-design,https://evtol.news/galvani-fly-citycopter-concept-design,Galvani Fly Citycopter (concept design),eVTOL passenger Steampunk concept design helicopter,Wingless (Multicopter
gelisim-university-tusi,https://evtol.news/gelisim-university-tusi,Gelisim University Tusi,eVTOL passenger aircraft and is scalable,Wingless (Multicopter
gelisim-university-tusi-technology-demonstrator,https://evtol.news/gelisim-university-tusi-technology-demonstrator,Gelisim University Tusi Technology Demonstrator,eVTOL passenger aircraft and is scalable,Wingless (Multicopter
georgia-institute-of-technology-balto,https://evtol.news/georgia-institute-of-technology-balto,Georgia Institute of Technology Balto (concept design),eVTOL passenger aircraft,Lift plus Cruise
gkn-aerospace-cto-challenge,https://evtol.news/gkn-aerospace-cto-challenge,GKN Aerospace CTO Challenge (technology demonstrator),Passenger eVTOL prototype aircraft,Lift plus Cruise
goaero-purdue-heart,https://evtol.news/goaero-purdue-heart,GoAERO Purdue HEART (concept design),Passenger rescue eVTOL multicopter (concept design),Wingless (Multicopter
grasshopper-air-mobility-e350,https://evtol.news/grasshopper-air-mobility-e350,Grasshopper Air Mobility e350 (concept design),Heavy-lift cargo electric and hybrid-electric VTOL roadable aircraft,
green-aerotechnics-research-institute-gatri,https://evtol.news/green-aerotechnics-research-institute-gatri,Green Aerotechnics Research Institute Gatri,eVTOL flying car (aircraft and road vehicle),Wingless (Multicopter
gridiron-robotics-gridiron-flyer,https://evtol.news/gridiron-robotics-gridiron-flyer,Gridiron Robotics Gridiron Flyer (concept design),Emergency rescue passenger eVTOL concept design,
griffon-aerospace-valiant,https://evtol.news/griffon-aerospace-valiant,Griffon Aerospace Valiant (prototype),Long-range hybrid-electric VTOL tactical military reconnaissance and surveillance operations UAV prototype aircraft,
groundaero-sport-utility-aircraft,https://evtol.news/groundaero-sport-utility-aircraft,GroundAero Sport Utility Aircraft  (defunct),eVTOL passenger sport utility aircraft (prototype),Wingless (Multicopter
guangdong-pengcheng-wanli-aviation-technology-pc-120,https://evtol.news/guangdong-pengcheng-wanli-aviation-technology-pc-120,Guangdong Pengcheng Wanli Aviation Technology PC-120 (prototype),Passenger or air cargo eVTOL prototype aircraft,Lift plus Cruise
guangdong-pengcheng-wanli-aviation-technology-pc-500,https://evtol.news/guangdong-pengcheng-wanli-aviation-technology-pc-500,Guangdong Pengcheng Wanli Aviation Technology PC-500 (concept design),Passenger and air cargo eVTOL and hyrbid-electric VTOL concept design aircraft,
guangdong-pengcheng-wanli-aviation-technology-pc-200-mockup,https://evtol.news/guangdong-pengcheng-wanli-aviation-technology-pc-200-mockup,Guangdong Pengcheng Wanli Aviation Technology PC-200 (mockup),Passenger eVTOL mock-up aircraft,Lift plus Cruise
guangdong-seagull-flying-car-group-eagle-212,https://evtol.news/guangdong-seagull-flying-car-group-eagle-212,Guangdong Seagull Flying Car Group Eagle-212 (concept design),Passenger or air cargo eVTOL air-ground modular vehicle,Wingless (Multicopter
guangdong-seagull-flying-car-group-eagle-300-xfa,https://evtol.news/guangdong-seagull-flying-car-group-eagle-300-xfa,Guangdong Seagull Flying Car Group Eagle-300-XFA (concept design),Firefighting eVTOL drone,Wingless (Multicopter
guangdong-seagull-flying-car-group-eagle-350-hq,https://evtol.news/guangdong-seagull-flying-car-group-eagle-350-hq,Guangdong Seagull Flying Car Group Eagle-350-HQ (concept design),Heavy-lift autonomous air cargo eVTOL concept design drone,Wingless (Multicopter
guangdong-yufei-aviation-investment-yutu-a100-prototype,https://evtol.news/guangdong-yufei-aviation-investment-yutu-a100-prototype,Guangdong Yufei Aviation Investment Yutu A100 (prototype),Passenger eVTOL prototype aircraft,Wingless (Multicopter
guangzhou-automobile-group-gove,https://evtol.news/guangzhou-automobile-group-gove,Guangzhou Automobile Group (GAC Group) Govy AirCar (prototype),"One passenger eVTOL aircraft and roadable prototype vehicle, with detachable flying passenger pod",Wingless (Multicopter
guangzhou-automobile-group-govy-airjet,https://evtol.news/guangzhou-automobile-group-govy-airjet,Guangzhou Automobile Group (GAC Group) Govy AirJet,Autonomous passenger eVTOL aircraft,Lift plus Cruise
gyrobike,https://evtol.news/gyrobike,Prades [I+D] GyroBike,eVTOL Pilot: 1 Passengers: 1 Navigation: Through app Pilot license: Not required but pilot courses recommended Speed: 30 - 80 kmh (18 - 50 m,Electric Rotorcraft
gyrodrone,https://evtol.news/gyrodrone,ThrustCycle Gyrodrone,,Hoverbikes
hangzhou-zhiyuan-research-institute-wearable-flying-device,https://evtol.news/hangzhou-zhiyuan-research-institute-wearable-flying-device,Hangzhou Zhiyuan Research Institute Wearable Flying Device (prototype),One person eVTOL wearable aircraft,Hoverbikes
happy-takeoff-citiflex,https://evtol.news/happy-takeoff-citiflex,Happy Takeoff CitiFlex (defunct),Hydrogen-electric VTOL concept aircraft,Lift plus Cruise
happy-takeoff-prism,https://evtol.news/happy-takeoff-prism,Happy Takeoff Prism,"Full-scale Prism, hydrogen-electric VTOL aircraft",Lift plus Cruise  Wingless (Multicopter
heitech-air-f1,https://evtol.news/heitech-air-f1,XPeng AeroHT Air F1 (defunct),eVTOL passenger multicopter (prototype),Wingless (Multicopter
harmony-aeronautics-quest,https://evtol.news/harmony-aeronautics-quest,"Texas A&M University, Harmony Aeronautics, Quest (concept design)",Passenger eVTOL concept design aircraft,Wingless (Multicopter
heitech-cruiser,https://evtol.news/heitech-cruiser,XPeng AeroHT Cruiser (concept design),eVTOL passenger multicopter concept design,Wingless (Multicopter
heitech-magic-cloud,https://evtol.news/heitech-magic-cloud,XPeng AeroHT Magic Cloud (defunct),eVTOL passenger prototype hoverbike,Wingless (Multicopter
heitech-skimmer,https://evtol.news/heitech-skimmer,XPeng AeroHT Skimmer (concept design),eVTOL passenger multicopter hoverbike concept design aircraft,Hoverbikes
heitech-sport,https://evtol.news/heitech-sport,XPeng AeroHT Sport (concept design),eVTOL passenger hoverbike multicopter concept design,Hoverbikes
hemanth-sudhakaran-avem,https://evtol.news/hemanth-sudhakaran-avem,Hemanth Sudhakaran AVEM,eVTOL concept design,
hi-fly-cargo,https://evtol.news/hi-fly-cargo,Hi-Fly Cargo,eVTOL cargo multicopter,Wingless (Multicopter
hi-fly-s700,https://evtol.news/hi-fly-s700,Hi-Fly S700,eVTOL one passenger multicopter,Wingless (Multicopter
hien-aero-technologies-hien-2,https://evtol.news/hien-aero-technologies-hien-2,Hien Aero Technologies HIEN 2 (concept design),"Passenger hybrid-electric VTOL concept design aircraft Pilot: Remote, autopilot, autonomous piloting or artificial intelligence (AI) pilotin",Lift plus Cruise
hien-aero-technologies-hien-6,https://evtol.news/hien-aero-technologies-hien-6,Hien Aero Technologies HIEN 6 (concept design),Passenger hybrid-electric VTOL concept design aircraft (that company plans to also future models with an all-electric power source) Pilot: R,Lift plus Cruise
hien-aero-technologies-hien-dr-one,https://evtol.news/hien-aero-technologies-hien-dr-one,Hien Aero Technologies HIEN Dr-One (concept design),"Cargo hybrid-electric VTOL concept design aircraft Pilot: Remote, autopilot, autonomous piloting or artificial intelligence (AI) piloting",Lift plus Cruise
hien-aero-technologies-hien-x,https://evtol.news/hien-aero-technologies-hien-x,Hien Aero Technologies HIEN X (concept design),Passenger long-distance hybrid-electric VTOL concept design aircraft. (The X in the name represents 10 passengers and it also stands for the,Lift plus Cruise
highgate-aerodesign-targa-vtol,https://evtol.news/highgate-aerodesign-targa-vtol,Highgate AeroDesign Targa VTOL,eVTOL or hybrid-electric VTOL passenger or cargo aircraft.,Lift plus Cruise
honda-aircraft-company-f1,https://evtol.news/honda-aircraft-company-f1,Honda Aircraft Company F1 (technology demonstrator),Full-scale uncrewed eVTOL (technology demonstrator),Lift plus Cruise
honda-evtol,https://evtol.news/honda-evtol,Honda eVTOL (concept design),Hybrid-electric VTOL,Lift plus Cruise
hongqi-sky-sedan-1-prototype,https://evtol.news/hongqi-sky-sedan-1-prototype,Hongqi Sky Sedan 1 (prototype),Modular passenger eVTOL air/ground prototype vehicle,Lift plus Cruise
hoplite-aviation,https://evtol.news/hoplite-aviation,HopLite Aviation,eVTOL tiltrotor,
horizon-aircraft-cavorite-x5,https://evtol.news/horizon-aircraft-cavorite-x5,Horizon Aircraft Cavorite X5 (concept design),Hybrid-electric VTOL,Lift plus Cruise
horizon-aircraft-cavorite-x5-prototype,https://evtol.news/horizon-aircraft-cavorite-x5-prototype,Horizon Aircraft Cavorite X5 Prototype (subscale prototype),Subscale eVTOL prototype aircraft,Lift plus Cruise
horizon-aircraft-cavorite-x7,https://evtol.news/horizon-aircraft-cavorite-x7,Horizon Aircraft Cavorite X7 (concept design),Hybrid-electric passenger eVTOL concept design aircraft,Lift plus Cruise
horyzn-aerospace-silencio-gamma,https://evtol.news/horyzn-aerospace-silencio-gamma,Horyzn Aerospace Silencio Gamma,eVTOL cargo aircraft,Lift plus Cruise
horizon-autocopters-auto-copter,https://evtol.news/horizon-autocopters-auto-copter,Horizon Autocopters Autocopter (concept design),Passenger electric or hybrid-electric VTOL coaxial compound helicopter,Electric Rotorcraft
horyzn-isar-falke,https://evtol.news/horyzn-isar-falke,Horyzn Isar Falke (concept design),Autonomous passenger rescue eVTOL multicopter (concept design),Wingless (Multicopter
hover-formula-subscale-prototype,https://evtol.news/hover-formula-subscale-prototype,Hover Formula Subscale Prototype,eVTOL 1:10 subscale prototype,Lift plus Cruise
hoversurf-formula-2-prototype,https://evtol.news/hoversurf-formula-2-prototype,Hover Formula 2 Prototype,eVTOL passenger aircraft,Wingless (Multicopter
hoversurf-formula-2-winged,https://evtol.news/hoversurf-formula-2-winged,Hover Formula 2 Winged,eVTOL passenger aircraft,Lift plus Cruise
hoversurf-scorpion-air-taxi,https://evtol.news/hoversurf-scorpion-air-taxi,Hover Scorpion Air Taxi,eVTOL air taxi,Wingless (Multicopter
hoversurf-scorpion-cargo-drone,https://evtol.news/hoversurf-scorpion-cargo-drone,Hover Scorpion Cargo Drone,eVTOL cargo drone,Wingless (Multicopter
hoversurf-scorpion-d,https://evtol.news/hoversurf-scorpion-d,Hover Scorpion D,eVTOL hoverbike,Hoverbikes
hydra-drones-hydra-400,https://evtol.news/hydra-drones-hydra-400,Hydra Drones Hydra 400 (production aircraft),Heavy-lift eVTOL or hybrid-electric VTOL multicopter military drone,Wingless (Multicopter
hyundai-s-a1,https://evtol.news/hyundai-s-a1,Supernal (Hyundai Motor Group) S-A1 (concept design),eVTOL,
ianismansell-processor-007,https://evtol.news/ianismansell-processor-007,"Ianis, Mansell Processor 007 (concept design)",Scalable eVTOL heavy-lift air cargo drone,Lift plus Cruise
industry-network-cocooon-x-1,https://evtol.news/industry-network-cocooon-x-1,Industry Network Cocooon X-1,eVTOL,
infinity-motions-electri-copter-650-impulse,https://evtol.news/infinity-motions-electri-copter-650-impulse,Infinity Motions Electri-Copter 650 Impulse,"The ability to make any helicopter, an electric helicopter",Electric Rotorcraft
inflync-l600-pioneer,https://evtol.news/inflync-l600-pioneer,Inflync L600 Pioneer (concept design),Tilt-wing ducted fan passenger hybrid-electric VTOL concept design aircraft,
innowings-aerospace-pkok,https://evtol.news/innowings-aerospace-pkok,Innowings Aerospace PKOK,eVTOL,Hoverbikes
insaat-fire-rescue,https://evtol.news/insaat-fire-rescue,Dahir Insaat Fire Rescue,eVTOL fire fighting rescue aircraft and ground vehicle,Wingless (Multicopter
international-aviation-center-begaero-technology-demonstrator,https://evtol.news/international-aviation-center-begaero-technology-demonstrator,International Aviation Center Begaero Technology Demonstrator,eVTOL passenger/cargo scalable aircraft,Wingless (Multicopter
io-aircraft-aelous,https://evtol.news/io-aircraft-aelous,IO Aircraft Aelous,High-performance hybrid-electric VTOL passenger aircraft,Wingless (Multicopter
io-aircraft-blackjack-e,https://evtol.news/io-aircraft-blackjack-e,IO Aircraft BlackJack-E,eVTOL passenger aircraft,Wingless (Multicopter
io-aircraft-blackjack-h,https://evtol.news/io-aircraft-blackjack-h,IO Aircraft BlackJack-H,Hybrid-electric VTOL passenger aircraft,Wingless (Multicopter
io-aircraft-blackjack-t,https://evtol.news/io-aircraft-blackjack-t,IO Aircraft BlackJack-T,Hybrid-electric VTOL passenger aircraft,Wingless (Multicopter
io-aircraft-challenger-sc,https://evtol.news/io-aircraft-challenger-sc,IO Aircraft Challenger SC,High-performance hybrid-electric VTOL passenger aircraft,
io-aircraft-chippewa-350e,https://evtol.news/io-aircraft-chippewa-350e,IO Aircraft Chippewa 350E,eVTOL medium class passenger aircraft,
io-aircraft-chippewa-350m,https://evtol.news/io-aircraft-chippewa-350m,IO Aircraft Chippewa 350M,eVTOL medium class passenger aircraft,
io-aircraft-hornet,https://evtol.news/io-aircraft-hornet,IO Aircraft Hornet,eVTOL personal back-pack flying device,Hoverbikes
io-aircraft-qc-1,https://evtol.news/io-aircraft-qc-1,IO Aircraft QC-1,Hybrid-electric VTOL heavy-lift cargo drone,Wingless (Multicopter
io-aircraft-skyline,https://evtol.news/io-aircraft-skyline,IO Aircraft Skyline,eVTOL passenger aircraft,Wingless (Multicopter
io-aircraft-skyline-h,https://evtol.news/io-aircraft-skyline-h,IO Aircraft Skyline-H,Hybrid-electric VTOL passenger aircraft,Wingless (Multicopter
ion-evtol-ch-e,https://evtol.news/ion-evtol-ch-e,Ion Aircraft eVTOL-CHe (concept design),eVTOL passenger concept design aircraft,Lift plus Cruise
ion-jet-evtol-concept-design,https://evtol.news/ion-jet-evtol-concept-design,Ion Jet EVTOL (concept design),eVTOL passenger concept design aircraft,
italian-institute-of-technology-fsd-01,https://evtol.news/italian-institute-of-technology-fsd-01,Italian Institute of Technology FSD-01 (prototype),Passenger backpack eVTOL fall safety device prototype drone,Wingless (Multicopter
jantschke-megacity-aviation-concept-design,https://evtol.news/jantschke-megacity-aviation-concept-design,Jantschke Megacity Aviation (concept design),Hybrid-electric VTOL passenger (or cargo) concept design aircraft,
jaunt-air-mobility-mav55,https://evtol.news/jaunt-air-mobility-mav55,Jaunt Air Mobility MAV55,Military hybrid-electric slowed rotor compound rotorcraft,Electric Rotorcraft
jetcopter-vtol-technologies-sky-bridge,https://evtol.news/jetcopter-vtol-technologies-sky-bridge,Jetcopter VTOL Technologies Sky Bridge,Hybrid-electric VTOL or eVTOL passenger aircraft,
jetcopter-vtol-technologies-sdr-500,https://evtol.news/jetcopter-vtol-technologies-sdr-500,Jetcopter VTOL Technologies SDR-500,Hybrid-electric VTOL or eVTOL passenger aircraft,Lift plus Cruise
jetcopter-vtol-technologies-sky-cargo,https://evtol.news/jetcopter-vtol-technologies-sky-cargo,Jetcopter VTOL Technologies Sky Cargo,Hybrid-electric VTOL or eVTOL cargo aircraft,
jetcopter-vtol-technologies-sky-commuter,https://evtol.news/jetcopter-vtol-technologies-sky-commuter,Jetcopter VTOL Technologies Sky Commuter,Hybrid-electric VTOL or eVTOL passenger aircraft,
jetcopter-vtol-technologies-sky-connect,https://evtol.news/jetcopter-vtol-technologies-sky-connect,Jetcopter VTOL Technologies Sky Connect,Hybrid-electric VTOL or eVTOL passenger aircraft,
jetcopter-vtol-technologies-sky-executive,https://evtol.news/jetcopter-vtol-technologies-sky-executive,Jetcopter VTOL Technologies Sky Executive,Hybrid-electric VTOL or eVTOL passenger aircraft,
jetcopter-vtol-technologies-sky-force,https://evtol.news/jetcopter-vtol-technologies-sky-force,Jetcopter VTOL Technologies Sky Force,Hybrid-electric VTOL or eVTOL passenger aircraft,Lift plus Cruise
jetcopter-vtol-technologies-sky-hopper,https://evtol.news/jetcopter-vtol-technologies-sky-hopper,Jetcopter VTOL Technologies Sky Hopper,Hybrid-electric VTOL or eVTOL passenger aircraft,
jetcopter-vtol-technologies-sky-mod,https://evtol.news/jetcopter-vtol-technologies-sky-mod,Jetcopter VTOL Technologies Sky Mod,Hybrid-electric VTOL or eVTOL passenger aircraft or air cargo aircraft,
jetcopter-vtol-technologies-sky-shadow,https://evtol.news/jetcopter-vtol-technologies-sky-shadow,Jetcopter VTOL Technologies Sky Shadow,Hybrid-electric VTOL or eVTOL passenger aircraft,
jetcopter-vtol-technologies-sky-path,https://evtol.news/jetcopter-vtol-technologies-sky-path,Jetcopter VTOL Technologies Sky Path,Hybrid-electric VTOL or eVTOL passenger aircraft,
jetcopter-vtol-technologies-sky-skimmer,https://evtol.news/jetcopter-vtol-technologies-sky-skimmer,Jetcopter VTOL Technologies Sky Skimmer,Hybrid-electric VTOL or eVTOL passenger aircraft,
jetcopter-vtol-technologies-sky-view,https://evtol.news/jetcopter-vtol-technologies-sky-view,Jetcopter VTOL Technologies Sky View,Hybrid-electric VTOL or eVTOL passenger aircraft,
jetcopter-vtol-technologies-sky-slider,https://evtol.news/jetcopter-vtol-technologies-sky-slider,Jetcopter VTOL Technologies Sky Slider,Hybrid-electric VTOL or eVTOL passenger aircraft,
jetoptera-j-1000,https://evtol.news/jetoptera-j-1000,Jetoptera J-1000 (concept design),"Hybrid-electric VTOL air cargo concept design aircraft (future, all electric)",
jetoptera-j-500,https://evtol.news/jetoptera-j-500,Jetoptera J-500 (concept design),"Hybrid-electric VTOL air cargo concept design aircraft (future, all electric)",
jetoptera-j-4000,https://evtol.news/jetoptera-j-4000,Jetoptera J-4000 (concept design),"Hybrid-electric VTOL passenger concept design aircraft (future, all electric)",
jetoptera-j-hs,https://evtol.news/jetoptera-j-hs,Jetoptera J-HS (concept design),"Hybrid-electric VTOL passenger concept design aircraft (future, all electric)",
jetson-one,https://evtol.news/jetson-one,Jetson One (concept design),Passenger eVTOL experimental ultralight (FAA Part 103),Hoverbikes
jetson-one-production-model,https://evtol.news/jetson-one-production-model,Jetson One (production model),Passenger eVTOL production model multicopter aircraft,Hoverbikes
jetx-vector-e,https://evtol.news/jetx-vector-e,JETX Vector E,Hybrid-electric or all-electric VTOL passenger aircraft,
jetx-vector-f,https://evtol.news/jetx-vector-f,JETX Vector F,Hybrid-electric or all-electric VTOL passenger aircraft,
jetx-vector-made,https://evtol.news/jetx-vector-made,JETX Vector MADE,Hybrid-electric or all-electric VTOL drone,
jetx-vector-mape,https://evtol.news/jetx-vector-mape,JETX Vector MAPE,Hybrid-electric or all-electric VTOL drone,
jetx-vector-mpe,https://evtol.news/jetx-vector-mpe,JETX Vector MPE,Hybrid-electric or all-electric VTOL drone,
joby-aviation-s4-10-technology-demonstrator,https://evtol.news/joby-aviation-s4-10-technology-demonstrator,Joby Aviation S4 1.0 (technology demonstrator),"eVTOL full-scale technology demonstrator Pilot: Remotely piloted Passengers: 0 people, no seats and no windows (The aircraft could hold 4 pa",
joby-aviation-s4-production-prototype,https://evtol.news/joby-aviation-s4-production-prototype,Joby Aviation S4 (production prototype),Passenger eVTOL aircraft,
joby-aviation-s4-t,https://evtol.news/joby-aviation-s4-t,Joby Aviation S4-T (technology demonstrator),Uncrewed autonomous turbine hybrid-electric VTOL technology demonstrator aircraft,
joby-aviation-shy4,https://evtol.news/joby-aviation-shy4,Joby Aviation SHy4 (technology demonstrator),Hydrogen eVTOL technology demonstrator aircraft,
joby-s4,https://evtol.news/joby-s4,Joby Aviation S4 2.0 (pre-production prototype),,
joby-s4-monarch,https://evtol.news/joby-s4-monarch,Joby Aviation Monarch Personal Air Vehicle (defunct),Passenger eVTOL prototype Passengers: 1 passenger,
jose-design-metro-flyer,https://evtol.news/jose-design-metro-flyer,Jose Design Metro Flyer (concept design),Hybrid-electric passenger VTOL aircraft (concept design),Lift plus Cruise
jump-aero,https://evtol.news/jump-aero,Jump Aero JA1 Pulse (concept design),eVTOL first responder fast-response transportation aircraft,
kaite-vtol-500,https://evtol.news/kaite-vtol-500,Kaite-VTOL 500,Cargo hybrid-electric VTOL,Lift plus Cruise
kaite-vtol-100,https://evtol.news/kaite-vtol-100,Kaite-VTOL 100,Cargo hybrid-electric VTOL,Lift plus Cruise
kaman-electric-helicopter,https://evtol.news/kaman-electric-helicopter,Kaman Electric Helicopter (technology demonstrator),Passenger electric VTOL helicopter technology demonstrator,Electric Rotorcraft
kari-oppav-prototype,https://evtol.news/kari-oppav-prototype,KARI OPPAV (prototype),One passenger eVTOL technology demonstrator prototype aircraft,Lift plus Cruise
kari-hybrid-electric-rotorcraft,https://evtol.news/kari-hybrid-electric-rotorcraft,KARI Hybrid-Electric Rotorcraft (concept design),Next-generation high-speed high-thrust hybrid-electric ducted-fan system rotary-wing military concept design aircraft,Electric Rotorcraft
kari-oppav-technology-demonstrator,https://evtol.news/kari-oppav-technology-demonstrator,KARI OPPAV (technology demonstrator),eVTOL 44% subscale technology demonstrator,Lift plus Cruise
kari-pav,https://evtol.news/kari-pav,KARI OPPAV (concept design),Passenger eVTOL scalable concept design aircraft,Lift plus Cruise
katla-aero-katla-700,https://evtol.news/katla-aero-katla-700,Katla Aero Katla 700,eVTOL passenger and/or cargo aircraft,Lift plus Cruise
kelekona-unnamed-evtol,https://evtol.news/kelekona-unnamed-evtol,Kelekona Unnamed eVTOL,"eVTOL passenger, cargo, medical and military aircraft",
kemi-manufacturing-magnetic-levitation-flying-saucer,https://evtol.news/kemi-manufacturing-magnetic-levitation-flying-saucer,Kemi Technology Magnetic Levitation Flying Saucer (concept design),Passenger eVTOL concept design aircraft,Lift plus Cruise
kitty-hawk-cora,https://evtol.news/kitty-hawk-cora,"Wisk Aero Generation 5, Cora (prototype)",,Lift plus Cruise
kitty-hawk-heaviside,https://evtol.news/kitty-hawk-heaviside,Kitty Hawk Heaviside (defunct),eVTOL tiltrotor aircraft,
kitty-hawk-heaviside-2,https://evtol.news/kitty-hawk-heaviside-2,Kitty Hawk Heaviside 2-Seater,eVTOL passenger aircraft,
kiwigogo-t-one,https://evtol.news/kiwigogo-t-one,XPeng AeroHT T1 (production model),eVTOL passenger multicopter production model aircraft,Wingless (Multicopter
klissarov-design-acro,https://evtol.news/klissarov-design-acro,Klissarov Design Acro (concept design),eVTOL passenger concept design ultralight aircraft,
kocyba-hummel,https://evtol.news/kocyba-hummel,Kocyba Hummel,eVTOL folding passenger or air cargo helicopter,Electric Rotorcraft
korea-aerospace-industries-e2x,https://evtol.news/korea-aerospace-industries-e2x,Korea Aerospace Industries E2X (concept design),Passenger and air cargo eVTOL concept design aircraft,Lift plus Cruise
korea-aerospace-industries-e2x-air-cargo,https://evtol.news/korea-aerospace-industries-e2x-air-cargo,Korea Aerospace Industries E2X Air Cargo (concept design),Passenger and air cargo eVTOL concept design aircraft,Lift plus Cruise
korea-aerospace-industries-kai-unnamed-concept-design,https://evtol.news/korea-aerospace-industries-kai-unnamed-concept-design,Korea Aerospace Industries (KAI) Unnamed (concept design),Passenger eVTOL concept design aircraft,Lift plus Cruise
korea-aerospace-industries-night-intruder,https://evtol.news/korea-aerospace-industries-night-intruder,Korea Aerospace Industries (KAI) Night Intruder - NI-500VT (prototype),Military eVTOL concept design cargo and surveillance aircraft,
korean-air-kus-vs,https://evtol.news/korean-air-kus-vs,Korean Air KUS-VS,Uncrewed hybrid-electric VTOL tactical operations military aircraft,Lift plus Cruise
kovacs-flike,https://evtol.news/kovacs-flike,Kovacs Flike,Hybrid-electric VTOL hoverbike,Hoverbikes
kovacs-heavy-duty-drone,https://evtol.news/kovacs-heavy-duty-drone,Kovacs Heavy Duty Drone,eVTOL or hybrid-electric VTOL cargo aircraft,Wingless (Multicopter
kovacs-passenger-drone,https://evtol.news/kovacs-passenger-drone,Kovacs Element Drone,"Modular eVTOL drone which can be converted to and from a passenger air taxi, cargo drone or exploration/surveying drone",Wingless (Multicopter
kovacs-racer-i,https://evtol.news/kovacs-racer-i,Kovacs Racer I,Hybrid-electric VTOL aircraft and a possible future eVTOL aircraft,Hoverbikes
kovacs-racer-ii,https://evtol.news/kovacs-racer-ii,Kovacs Racer II,Hybrid-electric VTOL aircraft and a possible future eVTOL aircraft,Hoverbikes
kozloff-ship-to-shore-air-limo-ssal,https://evtol.news/kozloff-ship-to-shore-air-limo-ssal,Kozloff Ship to Shore Air Limo (SSAL),eVTOL ship-to-shore passenger aircraft,
krishnan-reconnaissance-copter-concept-design,https://evtol.news/krishnan-reconnaissance-copter-concept-design,Krishnan Reconnaissance Copter (concept design),Passenger eVTOL helicopter and roadable vehicle concept design,Wingless (Multicopter
land-rotor-aam-sportster,https://evtol.news/land-rotor-aam-sportster,Land Rotor AAM Sportster (prototype),eVTOL passenger prototype aircraft,Wingless (Multicopter
land-rotor-aam-sportster-concept-design,https://evtol.news/land-rotor-aam-sportster-concept-design,Land Rotor AAM Sportster (concept design),eVTOL or hybrid-electric passenger VTOL concept design production model,Wingless (Multicopter
lazzarini-fd-one,https://evtol.news/lazzarini-fd-one,Lazzarini FD-One,Hybrid-electric VTOL,Wingless (Multicopter
lazzarini-hover-coup,https://evtol.news/lazzarini-hover-coup,Lazzarini Hover Coupé,Hybrid-electric VTOL,Wingless (Multicopter
lazzarini-ifo,https://evtol.news/lazzarini-ifo,Lazzarini I.F.O.,eVTOL,Wingless (Multicopter
lazzarini-linux,https://evtol.news/lazzarini-linux,Lazzarini Linux,Hybrid-electric VTOL  Pilot: 1,Wingless (Multicopter
lazzarini-stratosfera,https://evtol.news/lazzarini-stratosfera,Lazzarini Stratosfera,eVTOL multicopter,Wingless (Multicopter
leap-aeronautics,https://evtol.news/leap-aeronautics,Leap Aeronautics,,Lift plus Cruise
lee-linker,https://evtol.news/lee-linker,Lee Linker (concept design),eVTOL passenger concept design aircraft,
leo-flight-jetbike-mockup,https://evtol.news/leo-flight-jetbike-mockup,LEO Flight JetBike (mockup),Passenger eVTOL multicopter aircraft,Wingless (Multicopter
leo-flight-lx-1,https://evtol.news/leo-flight-lx-1,LEO Flight LX-1 (technology demonstrator),Passenger eVTOL aircraft (technology demonstrator),Lift plus Cruise
leo-flight-lx1-r,https://evtol.news/leo-flight-lx1-r,LEO Flight LX1-R (technology demonstrator),Crewed eVTOL aircraft (technology demonstrator),Wingless (Multicopter
leonardo-helicopters-unnamed-evtol,https://evtol.news/leonardo-helicopters-unnamed-evtol,Leonardo Unnamed eVTOL,eVTOL passenger aircraft,Lift plus Cruise
leva-aerospace-ambassador,https://evtol.news/leva-aerospace-ambassador,LEVA Aerospace Ambassador (concept design),Passenger eVTOL aircraft (concept design),Electric Rotorcraft
leva-aerospace-guardian,https://evtol.news/leva-aerospace-guardian,LEVA Aerospace Guardian (concept design),Autonomous emergency rescue passenger eVTOL aircraft (concept design),Electric Rotorcraft
liaoning-general-aviation-academy-hx1e-electric-helicopter,https://evtol.news/liaoning-general-aviation-academy-hx1e-electric-helicopter,Liaoning General Aviation Academy HX1E Electric Helicopter,Electric helicopter,Electric Rotorcraft
lift-aircraft-hexa-cargo,https://evtol.news/lift-aircraft-hexa-cargo,LIFT Aircraft HEXA Cargo,Heavy-lift eVTOL multicopter cargo aircraft,Wingless (Multicopter
lift-aircraft-hexa-ems,https://evtol.news/lift-aircraft-hexa-ems,LIFT Aircraft HEXA EMS,eVTOL emergency medical services multicopter aircraft,Wingless (Multicopter
lift-aircraft-hexa-fire,https://evtol.news/lift-aircraft-hexa-fire,LIFT Aircraft HEXA Fire,Fire fighter eVTOL multicopter aircraft,Wingless (Multicopter
lift-aircraft-hexa-military,https://evtol.news/lift-aircraft-hexa-military,LIFT Aircraft HEXA Military,eVTOL multicopter one passenger military aircraft,Wingless (Multicopter
lift-aircraft-hexa-police,https://evtol.news/lift-aircraft-hexa-police,LIFT Aircraft HEXA Police,eVTOL one passenger police multicopter aircraft,Wingless (Multicopter
lift-aircraft-hexa-sar,https://evtol.news/lift-aircraft-hexa-sar,LIFT Aircraft HEXA SAR,eVTOL emergency medical services multicopter aircraft,Wingless (Multicopter
lift-ut-austin-texas-aerial-robotics-hexa,https://evtol.news/lift-ut-austin-texas-aerial-robotics-hexa,"LIFT + UT Austin, Texas Aerial Robotics HEXA Emergency Response (concept design)",Autonomous passenger rescue eVTOL multicopter (concept design),Wingless (Multicopter
lilium-dragon-defunct,https://evtol.news/lilium-dragon-defunct,Lilium Dragon (defunct),eVTOL subscale prototype,
lilium-falcon-defunct,https://evtol.news/lilium-falcon-defunct,Lilium Falcon (defunct),eVTOL subscale prototype,
lilium-gmbh-lilium-jet-7-seater,https://evtol.news/lilium-gmbh-lilium-jet-7-seater,Lilium Jet (7-seater),Lilium Jet eVTOL 7-seater passenger aircraft,
lilium-jet-16-seater,https://evtol.news/lilium-jet-16-seater,Lilium Jet (16-seater),Lilium Jet eVTOL 16-seater passenger aircraft,
lilium-jet-prototype-eagle,https://evtol.news/lilium-jet-prototype-eagle,Lilium Eagle (Defunct),eVTOL prototype aircraft,
limosa-limoconnect,https://evtol.news/limosa-limoconnect,Limosa LimoConnect V1 (concept design),eVTOL passenger aircraft,
limosa-limoconnect-v2,https://evtol.news/limosa-limoconnect-v2,Limosa LimoConnect V2 (concept design),eVTOL passenger concept design aircraft,
lodd-hili,https://evtol.news/lodd-hili,LODD Hili (prototype),Uncrewed air cargo hybrid-electric VTOL drone (production model),Lift plus Cruise
lovenie-fly-kart,https://evtol.news/lovenie-fly-kart,Lovenie Fly Kart,eVTOL racing aircraft,Hoverbikes
luftcar-concept-design,https://evtol.news/luftcar-concept-design,LuftCar (concept design),Modular Hybrid-electric VTOL and road vehicle,
luftcar-production-model,https://evtol.news/luftcar-production-model,LuftCar (production model),Hybrid-electric VTOL air and ground vehicle,
luminati-aerospace-xron,https://evtol.news/luminati-aerospace-xron,Luminati Aerospace XRON,Electric helicopter,Electric Rotorcraft
lyte-aviation-la-44-skybus,https://evtol.news/lyte-aviation-la-44-skybus,Lyte Aviation LA-44 SkyBus (concept design),Hybrid-electric VTOL long-range passenger tilt-wing aircraft,Lift plus Cruise
lyte-aviation-la-44c-skytruck,https://evtol.news/lyte-aviation-la-44c-skytruck,Lyte Aviation LA-44C SkyTruck (concept design),Hybrid-electric long-range heavy-lift VTOL air cargo tilt-wing aircraft,Lift plus Cruise
maca-aviation-aerospace-s11,https://evtol.news/maca-aviation-aerospace-s11,MACA Aviation & Aerospace S11,Racing hybrid-electric VTOL Formula 1 air racing aircraft,Wingless (Multicopter
maca-aviation-and-aerospace-eleven,https://evtol.news/maca-aviation-and-aerospace-eleven,MACA Aviation & Aerospace 11,Racing hybrid-electric VTOL Formula 1 air racing aircraft,Wingless (Multicopter
maglev-aero-hyperdrive-propulsion-system,https://evtol.news/maglev-aero-hyperdrive-propulsion-system,Maglev Aero (HyperDrive Propulsion System),eVTOL propulsion system,
malloy-aeronautics-t400,https://evtol.news/malloy-aeronautics-t400,Malloy Aeronautics T400 (production aircraft),Heavy-lift eVTOL air cargo drone production aircraft,Wingless (Multicopter
malloy-aeronautics-t650,https://evtol.news/malloy-aeronautics-t650,Malloy Aeronautics T650,eVTOL heavy-lift air cargo drone,Wingless (Multicopter
malloy-aeronautics-trv-150,https://evtol.news/malloy-aeronautics-trv-150,Malloy Aeronautics T150 (production aircraft),eVTOL air cargo drone,Wingless (Multicopter
malloy-hoverbike,https://evtol.news/malloy-hoverbike,Malloy Aeronautics Hoverbike (defunct),Gas powered VTOL one person prototype aircraft,Hoverbikes
manta-aircraft-ann-cargo,https://evtol.news/manta-aircraft-ann-cargo,Manta Aircraft ANN Cargo,Hybrid-electric vertical short takeoff and landing (HeV/STOL) aircraft,
manta-aircraft-ann-drone,https://evtol.news/manta-aircraft-ann-drone,Manta Aircraft ANN Drone,Hybrid-electric vertical short takeoff and landing (HeV/STOL) drone,
manta-aircraft-ann1,https://evtol.news/manta-aircraft-ann1,Manta Aircraft ANN1 (defunct),Hybrid-electric vertical short takeoff and landing (HeV/STOL) aircraft,
manta-aircraft-ann2,https://evtol.news/manta-aircraft-ann2,Manta Aircraft ANN2,Hybrid-electric vertical/short takeoff and landing (HeV/STOL) aircraft,
manta-aircraft-ann4,https://evtol.news/manta-aircraft-ann4,Manta Aircraft ANN4,Hybrid-electric vertical short takeoff and landing (HeV/STOL) aircraft,
merk-t-copter-car-25-concept-design,https://evtol.news/merk-t-copter-car-25-concept-design,Merk T Copter Car 25 (concept design),Hybrid-electric passenger VTOL concept design multicopter aircraft,Wingless (Multicopter
merk-heli-t-arrow-concept-design,https://evtol.news/merk-heli-t-arrow-concept-design,Merk Heli T-Arrow (concept design),Hybrid-electric passenger VTOL concept design multicopter aircraft,Wingless (Multicopter
merk-t-copter-car-8-concept-design,https://evtol.news/merk-t-copter-car-8-concept-design,Merk T Copter Car 8 (concept design),Hybrid-electric passenger VTOL concept design multicopter aircraft,Wingless (Multicopter
merk-t-hover-school-bus-02-concept-design,https://evtol.news/merk-t-hover-school-bus-02-concept-design,Merk T Hover School Bus 02 (concept design),Hybrid-electric passenger VTOL concept design multicopter school bus aircraft,Wingless (Multicopter
merk-t-copter-voiture-44-concept-design,https://evtol.news/merk-t-copter-voiture-44-concept-design,Merk T Copter Voiture 44 (concept design),Hybrid-electric passenger VTOL concept design multicopter aircraft,Wingless (Multicopter
meva-aerospace-meva-x-1,https://evtol.news/meva-aerospace-meva-x-1,MEVA Aerospace MEVA X-1 (concept design),Passenger eVTOL concept design aircraft,Lift plus Cruise
meva-aerospace-meva-x-2,https://evtol.news/meva-aerospace-meva-x-2,MEVA Aerospace MEVA X-2 (production aircraft),Passenger eVTOL production aircraft,Lift plus Cruise
mgi-engineering-mgi-cargo-technology-demonstrator,https://evtol.news/mgi-engineering-mgi-cargo-technology-demonstrator,MGI Engineering MGI Cargo (technology demonstrator),eVTOL air cargo aircraft,
micor-technologies-advanced-individual-backpack-vtol-aircraft-aibva,https://evtol.news/micor-technologies-advanced-individual-backpack-vtol-aircraft-aibva,Micor Technologies Advanced Individual Backpack VTOL Aircraft (AIBVA),eVTOL or hybrid-electric VTOL aircraft,Hoverbikes
micor-technologies-advanced-individual-propellerpack-vtol-aircraft,https://evtol.news/micor-technologies-advanced-individual-propellerpack-vtol-aircraft,Micor Technologies Advanced Individual Propellerpack VTOL Aircraft,eVTOL or hybrid-electric VTOL aircraft,Hoverbikes
micor-technologies-advanced-individual-vtol-aircraft-aiva,https://evtol.news/micor-technologies-advanced-individual-vtol-aircraft-aiva,Micor Technologies Advanced Individual VTOL Aircraft (AIVA),eVTOL or hybrid-electric VTOL aircraft,
micor-technologies-advanced-multi-passenger-uam-vtol-aircraft-amuva,https://evtol.news/micor-technologies-advanced-multi-passenger-uam-vtol-aircraft-amuva,Micor Technologies Advanced Multi-Passenger UAM VTOL Aircraft (AMUVA),eVTOL or hybrid-electric VTOL passenger aircraft,Lift plus Cruise
micor-technologies-advanced-multi-passenger-vtol-aircraft-amva,https://evtol.news/micor-technologies-advanced-multi-passenger-vtol-aircraft-amva,Micor Technologies Advanced Multi-passenger VTOL Aircraft (AMVA),eVTOL or hybrid-electric VTOL aircraft,
micor-technologies-advanced-vehicle-vtol-aircraft-avva,https://evtol.news/micor-technologies-advanced-vehicle-vtol-aircraft-avva,Micor Technologies Advanced Vehicle VTOL Aircraft (AVVA),eVTOL or hybrid-electric VTOL aircraft,Wingless (Multicopter
micor-technologies-advanced-vehicle-vtol-jet-aircraft-avvja,https://evtol.news/micor-technologies-advanced-vehicle-vtol-jet-aircraft-avvja,Micor Technologies Advanced Vehicle VTOL Jet Aircraft (AVVJA),Hybrid-electric VTOL passenger jet aircraft,Lift plus Cruise
micor-technologies-advanced-vehicle-vtol-large-jet-aircraft-avvlja,https://evtol.news/micor-technologies-advanced-vehicle-vtol-large-jet-aircraft-avvlja,Micor Technologies Advanced Vehicle VTOL Large Jet Aircraft (AVVLJA),eVTOL or hybrid-electric VTOL aircraft,Lift plus Cruise
micor-technologies-cargo-avu,https://evtol.news/micor-technologies-cargo-avu,Micor Technologies Cargo AVU,eVTOL cargo uncrewed aircraft,Lift plus Cruise
micor-technologies-variable-geometry-vtol-aircraft-vagev,https://evtol.news/micor-technologies-variable-geometry-vtol-aircraft-vagev,Micor Technologies Variable Geometry VTOL aircraft (VAGEV),Variable Geometry eVTOL Variable Geometry. Can be converted to a hybrid-electric VTOL aircraft for greater range.,
mightyfly-cento,https://evtol.news/mightyfly-cento,"MightyFly 2023 Cento, 2nd Gen eVTOL (prototype)",Hybrid-electric VTOL cargo experimental drone,Lift plus Cruise
mightyfly-centro-mf-100-3rd-gen,https://evtol.news/mightyfly-centro-mf-100-3rd-gen,"MightyFly 2024 Cento, 3rd Gen eVTOL (prototype)",Hybrid-electric VTOL cargo drone,Lift plus Cruise
mightyfly-mf-100,https://evtol.news/mightyfly-mf-100,"MightyFly MVP, 1st Gen eVTOL (prototype)",Hybrid-electric VTOL cargo experimental drone,Electric Rotorcraft  Lift plus Cruise
mojave-mystery-evtol-aircraft-a,https://evtol.news/mojave-mystery-evtol-aircraft-a,Mojave Mystery eVTOL Aircraft A,eVTOL,Lift plus Cruise
moller-international-autovolantor,https://evtol.news/moller-international-autovolantor,Moller International Autovolantor (concept design),Hybrid-electric VTOL passenger and roadable concept design vehicle,Lift plus Cruise
moller-aerobot-concept-design,https://evtol.news/moller-aerobot-concept-design,Moller International Aerobot® (concept design),All electric or conventionally powered VTOL air cargo concept design aircraft,Lift plus Cruise
moller-international-firefly,https://evtol.news/moller-international-firefly,Moller International Firefly (concept design),"Conventional, hybrid-electric or all-electric VTOL rescue concept design aircraft",Wingless (Multicopter
moller-international-neuera-200,https://evtol.news/moller-international-neuera-200,Moller International Neuera 200 (prototype),Hybrid-electric or all electric VTOL passenger prototype aircraft,Wingless (Multicopter
moller-international-skycar-m200m,https://evtol.news/moller-international-skycar-m200m,Moller International Skycar® M200 (prototype),Hybrid-electric or all-electric VTOL prototype,
moller-m900,https://evtol.news/moller-m900,Moller International Skycar® M900 (concept design),Hybrid-electric or all-electric VTOL passenger concept design aircraft,
moller-skycar-100,https://evtol.news/moller-skycar-100,Moller International Skycar® 100 (prototype),Hybrid-electric or all-electric passenger VTOL prototype aircraft,
moller-skycar-600-lamv,https://evtol.news/moller-skycar-600-lamv,Moller International Skycar® 600 LAMV (concept design),Hybrid-electric or all electric VTOL passenger military concept design aircraft,
moscow-team-ai-kamchatka,https://evtol.news/moscow-team-ai-kamchatka,Moscow Team AI Kamchatka,Hybrid-electric eVTOL Turbine battery pack for 7 minutes.,
mostavio-aeroguardian,https://evtol.news/mostavio-aeroguardian,Mostavio AeroGuardian (concept design),Emergency services heavy-lift air cargo eVTOL multicopter aircraft (concept design),Wingless (Multicopter
mostavio-mx1,https://evtol.news/mostavio-mx1,Mostavio MX1 (concept design),Passenger eVTOL multicopter aircraft (concept design),Hoverbikes
mostavio-ultralight,https://evtol.news/mostavio-ultralight,Mostavio Ultralight (concept design),Passenger eVTOL multicopter aircraft (concept design),Hoverbikes
moviation-vonaer-concept-design,https://evtol.news/moviation-vonaer-concept-design,Moviation Vonaer (concept design),eVTOL passenger air taxi concept design aircraft,
mostavio-unnamed-aircraft,https://evtol.news/mostavio-unnamed-aircraft,Mostavio Unnamed Aircraft (concept design),Passenger eVTOL multicopter aircraft (concept design),Hoverbikes
moya-aero-moya-evtol,https://evtol.news/moya-aero-moya-evtol,Moya Aero Moya eVTOL (concept design),eVTOL heavy-lift cargo aircraft,
moya-aero-moya-evtol-prototype,https://evtol.news/moya-aero-moya-evtol-prototype,Moya Aero Moya eVTOL (prototype),Subscale eVTOL cargo prototype aircraft,
muyu-evtol,https://evtol.news/muyu-evtol,Muyutian Aviation Technology (Muyu Sky) EV4 (prototype),Passenger eVTOL prototype aircraft.,Lift plus Cruise
muyu-sky-at1300,https://evtol.news/muyu-sky-at1300,Muyutian Aviation Technology (Muyu Sky) AT1300 (prototype),Long-range heavy-lift air cargo hydrogen fuel cell VTOL prototype aircraft,Lift plus Cruise
muyu-sky-vjet-7,https://evtol.news/muyu-sky-vjet-7,Muyutian Aviation Technology (Muyu Sky) VJET-7 (concept design),Long-range high-speed passenger hydrogen fuel cell VTOL concept design jet aircraft,
muyu-sky-at8000,https://evtol.news/muyu-sky-at8000,Muyutian Aviation Technology (MuYu Sky) AT8000 (prototype),Long-range heavy-lift air cargo hydrogen fuel cell VTOL prototype aircraft,
my-flying-car,https://evtol.news/my-flying-car,My Flying Car,Kit eVTOL passenger multicopter aircraft,Wingless (Multicopter
naats-aviation-nav-copter-254,https://evtol.news/naats-aviation-nav-copter-254,NAATS Aviation NAV Copter 254 (prototype),Passenger eVTOL multicopter prototype aircraft,Wingless (Multicopter
mydraco,https://evtol.news/mydraco,MyDraco,,
naats-aviation-promobility,https://evtol.news/naats-aviation-promobility,NAATS Aviation ProMobility (concept design),Passenger eVTOL long-range aircraft,Lift plus Cruise
nalwa-aero-aphulas,https://evtol.news/nalwa-aero-aphulas,Nalwa Aero Aphulas (concept design),Passenger and air cargo battery or hybrid-electric VTOL concept design aircraft,
nalwa-aero-5x-a,https://evtol.news/nalwa-aero-5x-a,Nalwa Aero 5X-A (concept design),Passenger eVTOL concept design aircraft,Lift plus Cruise
nalwa-aero-nalwa-5x,https://evtol.news/nalwa-aero-nalwa-5x,Nalwa Aero Nalwa 5X (concept design),eVTOL passenger and air cargo concept design aircraft,
nasa-dragonfly,https://evtol.news/nasa-dragonfly,NASA Dragonfly (space probe),Titan moon robotic planetary research eVTOL multicopter aircraft space probe,Wingless (Multicopter
nanyang-technological-university-singapore-ntu-td1,https://evtol.news/nanyang-technological-university-singapore-ntu-td1,Nanyang Technological University Singapore NTU TD1 (technology demonstrator),Remotely piloted subscale eVTOL (technology demonstrator),Lift plus Cruise
nasa-la-8-evtol-testbed,https://evtol.news/nasa-la-8-evtol-testbed,NASA LA-8 eVTOL Testbed,eVTOL testbed,
nasa-lift-cruise,https://evtol.news/nasa-lift-cruise,NASA Lift+Cruise (concept design),Passenger eVTOL concept design aircraft,Lift plus Cruise
nasa-multi-tiltrotor,https://evtol.news/nasa-multi-tiltrotor,NASA Multi-Tiltrotor (concept design),Passenger eVTOL concept design aircraft,
nasa-quadrotor,https://evtol.news/nasa-quadrotor,NASA Quadrotor (concept design),Passenger eVTOL concept design aircraft,Wingless (Multicopter
nasa-quiet-main-rotor,https://evtol.news/nasa-quiet-main-rotor,NASA Quiet Single Main Rotor (concept design),Passenger eVTOL concept design rotorcraft,Electric Rotorcraft
nasa-raven,https://evtol.news/nasa-raven,NASA RAVEN (concept design),RAVEN uncrewed eVTOL technology demonstrator concept design aircraft,
nasa-side-by-side,https://evtol.news/nasa-side-by-side,NASA Side-by-Side (concept design),Passenger eVTOL concept design helicopter,Electric Rotorcraft
nasa-tiltrotor,https://evtol.news/nasa-tiltrotor,NASA Tiltrotor (concept design),Passenger eVTOL tilt-rotor concept design aircraft,Electric Rotorcraft
nasa-tiltduct,https://evtol.news/nasa-tiltduct,NASA Tiltduct (concept design),Passenger eVTOL concept design aircraft,
nasa-tiltwing,https://evtol.news/nasa-tiltwing,NASA Tiltwing (concept design),Passenger eVTOL tilt-wing concept design aircraft,
national-polytechnic-institute-of-cambodia-human-carrier-drone,https://evtol.news/national-polytechnic-institute-of-cambodia-human-carrier-drone,National Polytechnic Institute of Cambodia Human Carrier Drone,"eVTOL passenger aircraft (and for air cargo, fire fighting and other applications)",Wingless (Multicopter
neae-gsi-evtol-bus,https://evtol.news/neae-gsi-evtol-bus,NEAE-GSI eVTOL-BUS,Hybrid-electric VTOL,
neae-gsi-evtol-taxi,https://evtol.news/neae-gsi-evtol-taxi,NEAE-GSI eVTOL-Taxi,Hybrid-electric VTOL,
neo-aeronautics-crimson-s8-sr,https://evtol.news/neo-aeronautics-crimson-s8-sr,Neo Aeronautics Crimson S8-SR (prototype),Hybrid-electric VTOL passenger prototype multicopter,Wingless (Multicopter
neo-aeronautics-crimson-s8-v3,https://evtol.news/neo-aeronautics-crimson-s8-v3,Neo Aeronautics Crimson S8-V3 (prototype),eVTOL passenger full scale prototype multicopter aircraft,Wingless (Multicopter
nex-aero-nex,https://evtol.news/nex-aero-nex,NEX Aero NEX,Hybrid-electric VTOL passenger aircraft,Lift plus Cruise
next-green-xcar-cuba,https://evtol.news/next-green-xcar-cuba,Next Green Xcar Cuba,Green hybrid-electric VTOL passenger aircraft,
next-ifly,https://evtol.news/next-ifly,NeXt iFLY,Single passenger eVTOL designed for UAM,Electric Rotorcraft
node-air-node,https://evtol.news/node-air-node,Node-Air Node,"eVTOL modular aircraft, that carries a passenger or cargo pod which is transferable to a road vehicle chassis",
odonata-heliplane,https://evtol.news/odonata-heliplane,Odonata Heliplane (concept design),"Hybrid-electric hydrogen fuel cell, gas turbine engine long-range passenger VTOL concept design aircraft",
ohio-state-the-sloopy-works-stuart-technology-demonstrator,https://evtol.news/ohio-state-the-sloopy-works-stuart-technology-demonstrator,Ohio State The Sloopy Works STUART (technology demonstrator),Subscale hybrid-electric VTOL prototype aircraft,Wingless (Multicopter
ohio-state-university-the-sloopy-works-stuart,https://evtol.news/ohio-state-university-the-sloopy-works-stuart,Ohio State University The Sloopy Works STUART (concept design),Rescue passenger hybrid-electric VTOL concept design aircraft,Wingless (Multicopter
ola-electric-ola-airpro,https://evtol.news/ola-electric-ola-airpro,Ola Electric Ola AirPro,eVTOL passenger concept design aircraft and road legal vehicle,
omni-hoverboards-prototype-1,https://evtol.news/omni-hoverboards-prototype-1,Omni Hoverboards Prototype 1,eVTOL hoverboard prototype,Hoverbikes
omni-hoverboards-prototype-2,https://evtol.news/omni-hoverboards-prototype-2,Omni Hoverboards Prototype 2,eVTOL hoverboard prototype,Hoverbikes
opener-blackfly-v1,https://evtol.news/opener-blackfly-v1,Pivotal BlackFly V1 (prototype),eVTOL prototype aircraft,
opener-blackfly-v2,https://evtol.news/opener-blackfly-v2,Pivotal BlackFly V2 (prototype),eVTOL passenger prototype aircraft,
opener-blackfly-v3,https://evtol.news/opener-blackfly-v3,Pivotal BlackFly V3 (prototype),eVTOL,
orca-aerospace-orca-evtol,https://evtol.news/orca-aerospace-orca-evtol,Orca Aerospace Orca eVTOL,Emergency Medial Service (EMS) eVTOL aircraft,Lift plus Cruise
orlando-helicopter-airways-electric-s-52-defunct,https://evtol.news/orlando-helicopter-airways-electric-s-52-defunct,Orlando Helicopter Airways Electric S-52 (defunct),Passenger electric helicopter prototype,Electric Rotorcraft
overair-karem-butterfly-concept-design,https://evtol.news/overair-karem-butterfly-concept-design,Overair (Karem) Butterfly V1 (concept design),eVTOL passenger aircraft,
overair-karem-butterfly-prototype,https://evtol.news/overair-karem-butterfly-prototype,Overair Butterfly (prototype),eVTOL prototype aircraft for vertical-only and ground testing,
packwing-single-rotor,https://evtol.news/packwing-single-rotor,Packwing (Single Rotor),Hybrid electric VTOL modular aircraft,Lift plus Cruise
packwing-twin-rotor,https://evtol.news/packwing-twin-rotor,Packwing (Twin Rotor),Hybrid electric VTOL modular aircraft,Lift plus Cruise
pantuo-aviation-demonstrator-t1,https://evtol.news/pantuo-aviation-demonstrator-t1,Pantuo Aviation Demonstrator T1,Half-scale eVTOL demonstrator,
pantuo-pantala-concept-h,https://evtol.news/pantuo-pantala-concept-h,Pantuo Pantala Concept H,eVTOL passenger aircraft,
paragon-vtol-aerospace-soar,https://evtol.news/paragon-vtol-aerospace-soar,Paragon VTOL Aerospace Soar,Hybrid-electric VTOL passenger aircraft,
pdrl-aerohans-2s,https://evtol.news/pdrl-aerohans-2s,PDRL AeroHans 2S,eVTOL,
pdrl-aerohans-4s,https://evtol.news/pdrl-aerohans-4s,PDRL AeroHans 4S,eVTOL,
pegasus-international-group-pegasus-air-taxi,https://evtol.news/pegasus-international-group-pegasus-air-taxi,Pegasus International Group Pegasus Air Taxi (concept design),Passenger eVTOL vehicle,Wingless (Multicopter
pegasus-international-group-pegasus-s-class,https://evtol.news/pegasus-international-group-pegasus-s-class,Pegasus International Group Pegasus S Class (prototype),Passenger hybrid-electric helicopter and road vehicle,Electric Rotorcraft
pegasus-universal-aerospace-chariot,https://evtol.news/pegasus-universal-aerospace-chariot,Pegasus Universal Aerospace Chariot (concept design),Passenger eVTOL concept design aircraft,Wingless (Multicopter
pegasus-universal-aerospace-two-man-evtol,https://evtol.news/pegasus-universal-aerospace-two-man-evtol,Pegasus Universal Aerospace Two-Man eVTOL (concept design),Passenger eVTOL concept design multicopter aircraft,Wingless (Multicopter
penn-state-university-soteria-swift,https://evtol.news/penn-state-university-soteria-swift,Penn State University Soteria Swift (concept design),Autonomous heavy-lift passenger rescue electric helicopter (concept design),Electric Rotorcraft
pennsylvania-state-university-mg-76-catacopter,https://evtol.news/pennsylvania-state-university-mg-76-catacopter,Pennsylvania State University MG-76 Catacopter (concept design),Electric helicopter,Electric Rotorcraft
peters-rivir,https://evtol.news/peters-rivir,Peters RIVIR (concept design),Passenger hybrid-electric VTOL aircraft (concept design),
phractyl-macrobat,https://evtol.news/phractyl-macrobat,Phractyl Macrobat,eVTOL passenger or cargo aircraft concept design,
piasecki-ares-concept-design,https://evtol.news/piasecki-ares-concept-design,Piasecki ARES (concept design),Uncrewed hybrid-electric VTOL air cargo concept design aircraft,Lift plus Cruise
piasecki-hybrid-electric-helicopter-demonstrator-unnamed,https://evtol.news/piasecki-hybrid-electric-helicopter-demonstrator-unnamed,Piasecki HAXEL (technology demonstrator),Passenger hybrid-electric helicopter technology demonstrator,Electric Rotorcraft
pipistrel-801-evtol,https://evtol.news/pipistrel-801-evtol,Pipistrel 801 (concept design),eVTOL passenger concept design aircraft,Lift plus Cruise
pipistrel-cargo-drone,https://evtol.news/pipistrel-cargo-drone,Pipistrel Nuuva V300 (prototype),Hybrid-electric VTOL cargo drone,Lift plus Cruise
pivotal-helix-production-model,https://evtol.news/pivotal-helix-production-model,Pivotal Helix (production model),One passenger eVTOL production model aircraft,
plana-unnamed,https://evtol.news/plana-unnamed,Plana CP-01 (concept design),Medium range hybrid-electric VTOL passenger aircraft,
ponti-design-studio-kite,https://evtol.news/ponti-design-studio-kite,Ponti Design Studio Kite,eVTOL aircraft,Wingless (Multicopter
pop-up-next,https://evtol.news/pop-up-next,Airbus Italdesign (Audi) Pop.Up Next (concept design),Passenger flying eVTOL and driveable car concept design vehicle,Wingless (Multicopter
porsche-boeing-unnamed-iii,https://evtol.news/porsche-boeing-unnamed-iii,Porsche Boeing Unnamed (III) (concept design),Passenger eVTOL concept design aircraft,
porsche-boeing-unnamed-t2,https://evtol.news/porsche-boeing-unnamed-t2,Porsche Boeing Unnamed (T2) (concept design),Passenger eVTOL concept design aircraft,
porsche-unnamed,https://evtol.news/porsche-unnamed,Porsche Boeing Unnamed (J2) (concept design),Luxury passenger high-speed eVTOL concept design aircraft,
pr-dc-flying-car,https://evtol.news/pr-dc-flying-car,PR-DC Flying Car,eVTOL passenger aircraft,Wingless (Multicopter
prades-id-gyropack,https://evtol.news/prades-id-gyropack,Prades [I+D] GyroPack,Hybrid-electric VSTOL aircraft Pilot: 1 Main rotor: Autorotating main rotor for lift Forward flight: 2 ducted fans,Electric Rotorcraft
prasad-lifter,https://evtol.news/prasad-lifter,Prasad Lifter (concept design),Short range passenger and home pod eVTOL concept design aircraft,Wingless (Multicopter
prasad-mobula,https://evtol.news/prasad-mobula,Prasad Mobula (concept design),Passenger eVTOL concept design aircraft,
prasad-mover,https://evtol.news/prasad-mover,Prasad Mover (concept design),Short and long-range passenger eVTOL concept design aircraft,Wingless (Multicopter
prime-design-consultancy-services-haricopter-x1-b,https://evtol.news/prime-design-consultancy-services-haricopter-x1-b,Prime Design Consultancy Services Haricopter X1-B (concept design),Hybrid-electric VTOL concept design aircraft,Wingless (Multicopter
prime-design-consultancy-services-haricopter-x1-q,https://evtol.news/prime-design-consultancy-services-haricopter-x1-q,Prime Design Consultancy Services Haricopter X1-Q (concept design),Hybrid-electric VTOL concept design aircraft car carrier,Lift plus Cruise
project-leelyn-drone-prototype-1,https://evtol.news/project-leelyn-drone-prototype-1,Project Leelyn Drone Prototype 1 (prototype),Passenger eVTOL multicopter prototype aircraft,Wingless (Multicopter
quaternion-group-compact-personal-aircraft,https://evtol.news/quaternion-group-compact-personal-aircraft,Quaternion Group Compact Personal Aircraft,Hybrid-electric VTOL or all-electric VTOL (eVTOL) passenger aircraft,
range-aviation-lanyi-aviation-leu100,https://evtol.news/range-aviation-lanyi-aviation-leu100,Range Aviation (Lanyi Aviation): LEU100 (production model),Uncrewed heavy-lift air cargo eVTOL drone,Lift plus Cruise
range-aviation-le200,https://evtol.news/range-aviation-le200,Range Aviation (Lanyi Aviation) LE200 (prototype),Passenger eVTOL prototype aircraft,Lift plus Cruise
ravatia-aerospace-unnamed-cargo-drone,https://evtol.news/ravatia-aerospace-unnamed-cargo-drone,Ravatia Aerospace Unnamed Cargo Drone,Long range heavy-lift electric or hybrid-electric VTOL aircraft,
raven,https://evtol.news/raven,Raven,eVTOL,Hoverbikes
reinhardt-works-tu523,https://evtol.news/reinhardt-works-tu523,Reinhardt Works TU523 (concept design),Heavy-lift hybrid-electric VTOL intermodal cargo concept design aircraft,
renault-air4,https://evtol.news/renault-air4,Renault AIR4,eVTOL passenger demonstrator,Wingless (Multicopter
rensselaer-polytechnic-institute-oliwhoper,https://evtol.news/rensselaer-polytechnic-institute-oliwhoper,Rensselaer Polytechnic Institute Oliwhoper (concept design),eVTOL passenger concept design air taxi,Lift plus Cruise
rescue-pack-rescue-pack-aircraft,https://evtol.news/rescue-pack-rescue-pack-aircraft,Rescue Pack Rescue Pack AirCraft (concept design),Passenger rescue eVTOL multicopter aircraft (concept design),Wingless (Multicopter
resources,https://evtol.news/resources,Resources,,
rictor-kuickwheel-skyrider-x1,https://evtol.news/rictor-kuickwheel-skyrider-x1,"Rictor, KuickWheel Skyrider X1 (production model)",Passenger hybrid-electric VTOL sea-land-air motorcycle-aircraft,Hoverbikes
rictor-kuickwheel-skyrider-x6,https://evtol.news/rictor-kuickwheel-skyrider-x6,"Rictor, KuickWheel Skyrider X6 (production model)",Passenger hybrid-electric VTOL air-land-sea vehicle,Hoverbikes
robathan-range-rover-evtol,https://evtol.news/robathan-range-rover-evtol,Robathan Range Rover eVTOL,Hybrid-electric tail-sitter VTOL aircraft,
robathan-sih-evtol,https://evtol.news/robathan-sih-evtol,Robathan SIH eVTOL,eVTOL aircraft,
robathan-vel-evtol,https://evtol.news/robathan-vel-evtol,Robathan VEL eVTOL,eVTOL air racing aircraft,
robathon-lvi-evtol,https://evtol.news/robathon-lvi-evtol,Robathan LVI eVTOL,eVTOL personal aircraft,
robathon-sai-evtol,https://evtol.news/robathon-sai-evtol,Robathan SAI eVTOL,eVTOL aircraft,
rosari-hyperlight-aeros,https://evtol.news/rosari-hyperlight-aeros,Rosario Hyperlight Aeros,Hybrid-electric VTOL aircraft and amphibious submersible craft,Lift plus Cruise
rosari-vultran-tyger-1,https://evtol.news/rosari-vultran-tyger-1,Rosario Vultran Tyger 1,Hybrid-electric VTOL high-performance aircraft,Wingless (Multicopter
rotor-x-aircraft-rx-etransporter,https://evtol.news/rotor-x-aircraft-rx-etransporter,Rotor X eTransporter,Electric helicopter for passenger use and air cargo,Electric Rotorcraft
rotor-x-dragon,https://evtol.news/rotor-x-dragon,Rotor X Dragon (production aircraft),eVTOL passenger multicopter,Wingless (Multicopter
rotor-x-dragon-prototype,https://evtol.news/rotor-x-dragon-prototype,Rotor X Dragon (prototype),eVTOL prototype multicopter,Wingless (Multicopter
rotor-x-ea600,https://evtol.news/rotor-x-ea600,Rotor X eA600,Electric helicopter,Electric Rotorcraft
rotor-x-ejavelin,https://evtol.news/rotor-x-ejavelin,Rotor X eJavelin,Electric helicopter,Electric Rotorcraft
roxtern-aerospace-flying-supercar,https://evtol.news/roxtern-aerospace-flying-supercar,Roxtern Aerospace Flying Supercar (concept design),Passenger hybrid-electric VTOL concept design aircraft,Lift plus Cruise
ryerson-helium,https://evtol.news/ryerson-helium,Helium Aero Paragon,eVTOL,Hoverbikes
ryse-aero-technologies-recon,https://evtol.news/ryse-aero-technologies-recon,Ryse Aero Technologies Recon (production model),eVTOL reconfigurable passenger multicopter aircraft,Wingless (Multicopter
s-76-atlas-transport-technology-demonstrator,https://evtol.news/s-76-atlas-transport-technology-demonstrator,United Aircraft Corp S-76 Atlas Transport (technology demonstrator),Air cargo eVTOL technology demonstrator,Wingless (Multicopter
sabie-adifo,https://evtol.news/sabie-adifo,Sabie ADIFO (concept design),Passenger and air cargo eVTOL concept design aircraft,Lift plus Cruise
sabie-adifo-technology-demonstrator,https://evtol.news/sabie-adifo-technology-demonstrator,Sabie ADIFO (technology demonstrator),eVTOL subscale technology demonstrator aircraft,Lift plus Cruise
sabie-mad-bat,https://evtol.news/sabie-mad-bat,Sabie Mad Bat (concept design),Passenger eVTOL scalable concept design aircraft,
sabie-mad-bat-technology-demonstrator,https://evtol.news/sabie-mad-bat-technology-demonstrator,Sabie Mad Bat (technology demonstrator),Subscale eVTOL technology demonstrator aircraft,
sacdeeil-aerospace-vm8-concept-design,https://evtol.news/sacdeeil-aerospace-vm8-concept-design,Sacdeeil Aerospace VM8 (concept design),Sub-scale passenger eVTOL multicopter mock-up,Wingless (Multicopter
sacdeeil-aerospace-vm8-mock-up,https://evtol.news/sacdeeil-aerospace-vm8-mock-up,Sacdeeil Aerospace VM8 (mock-up),Sub-scale passenger eVTOL multicopter mock-up,Wingless (Multicopter
saean-group-wid-sky,https://evtol.news/saean-group-wid-sky,Saean Group WiD-Sky (concept design),Hybrid-electric VTOL concept design aircraft,
sahand-evtol-air-taxi,https://evtol.news/sahand-evtol-air-taxi,Sahand eVTOL Air Taxi,eVTOL Windows: Large windows for good views for a better passenger experience.,Lift plus Cruise
samad-aerospace-huma,https://evtol.news/samad-aerospace-huma,ARC Aerosystems HUMA (concept design),eVTOL passenger concept aircraft with pod that transfers to an all-electric ground vehicle,
samad-aerospace-starling-cargo-s5m-demonstrator,https://evtol.news/samad-aerospace-starling-cargo-s5m-demonstrator,ARC Aerosystems Starling Cargo S5M (demonstrator),eVTOL cargo aircraft demonstrator,
samad-e-starling-jet,https://evtol.news/samad-e-starling-jet,ARC Aerosystems e-Starling Jet (concept design),eVTOL passenger concept design aircraft Pilots: Autonomous Passengers: 7 passengers,
samad-starling-cargo,https://evtol.news/samad-starling-cargo,ARC Aerosystems Starling Cargo (concept design),eVTOL cargo aircraft,
samad-starling-sport,https://evtol.news/samad-starling-sport,ARC Aerosystems Q-Starling (concept design),Hybrid-electric VTOL passenger aircraft Pilots: 1 pilot using fly-by-wire technology Passengers: 1 passenger,Lift plus Cruise
samad-uav-starling,https://evtol.news/samad-uav-starling,ARC Aerosystems UAV Starling (concept design),eVTOL cargo concept design aircraft Pilots: Autonomous or remote piloting,
sastra-university-mistral-concept-design,https://evtol.news/sastra-university-mistral-concept-design,SASTRA University Mistral (concept design),eVTOL passenger and air cargo aircraft,
schumacher-lehner-plc28-chopper-concept-design,https://evtol.news/schumacher-lehner-plc28-chopper-concept-design,Schumacher-Lehner PLC28 Chopper (concept design),Electric multicopter,Wingless (Multicopter
scienex-flyter,https://evtol.news/scienex-flyter,Scienex Flyter,Hybrid-electric VTOL,
seahorse-air-seahorse-h5,https://evtol.news/seahorse-air-seahorse-h5,SeaHorse Air SeaHorse H5 (concept design),Passenger VTOL land and amphibious concept design multicopter,Wingless (Multicopter
seaplane-hong-kong-group-seaplanex,https://evtol.news/seaplane-hong-kong-group-seaplanex,Seaplane Hong Kong Group SeaplaneX (concept design),Scalable passenger hydrogen-electric VTOL concept design aircraft,
shaanxi-huayu-xianxiang-intelligent-technology-co-subscale-demonstrator,https://evtol.news/shaanxi-huayu-xianxiang-intelligent-technology-co-subscale-demonstrator,Shaanxi Huayu Xianxiang Intelligent Technology Co Subscale Demonstrator,eVTOL subscale demonstrator,Lift plus Cruise
shangfei-aviation-jx1022r,https://evtol.news/shangfei-aviation-jx1022r,Shangfei Aviation JX1022R (concept design),Passenger electric or hybrid-electric VTOL concept design multicopter aircraft,Wingless (Multicopter
sharifzadeh-zero-g-ecruzer,https://evtol.news/sharifzadeh-zero-g-ecruzer,Freedom Transports Zero G eCruzer,Hybrid-electric VTOL corporate jet aircraft,
shenzhen-ufo-flying-saucer-technology-ufo-evtol,https://evtol.news/shenzhen-ufo-flying-saucer-technology-ufo-evtol,SMD Shenzhen Smart Drone UAV Manned UFO (production model),eVTOL passenger aircraft,Wingless (Multicopter
shenzhen-yingwu-parrot-aero-y100,https://evtol.news/shenzhen-yingwu-parrot-aero-y100,"Shenzhen Yingwu General Aviation Co. (Parrot Aero) Y100 ""VoltWhirl"" (prototype)",Passenger eVTOL multicopter prototype aircraft,Wingless (Multicopter
shiyun-aviation-technology-steadywin-sw-one-prototype,https://evtol.news/shiyun-aviation-technology-steadywin-sw-one-prototype,Shiyun Aviation Technology (Steadywin) SW One (prototype),Passenger eVTOL multicopter prototype aircraft,Wingless (Multicopter
sierra-technical-services-fledermauser-fm1-concept-design,https://evtol.news/sierra-technical-services-fledermauser-fm1-concept-design,Sierra Technical Services Fledermauser FM1 (concept design),Hybrid-electric CTOL/STOL/VTOL cargo concept design aircraft,
sierra-technical-services-fledermauser-fm2-concept-design,https://evtol.news/sierra-technical-services-fledermauser-fm2-concept-design,Sierra Technical Services Fledermauser FM2 (concept design),Hybrid-electric CTOL/STOL/VTOL cargo aircraft,
sierra-technical-services-fledermauser-fm3-concept-design,https://evtol.news/sierra-technical-services-fledermauser-fm3-concept-design,Sierra Technical Services Fledermauser FM3 (concept design),Hybrid-electric CTOL/STOL/VTOL passenger aircraft,
sikorsky-e-76-helicopter,https://evtol.news/sikorsky-e-76-helicopter,Sikorsky E-76 Helicopter (technology demonstrator),Passenger hybrid-electric helicopter technology demonstrator,Electric Rotorcraft
sikorsky-hex-2-rotor,https://evtol.news/sikorsky-hex-2-rotor,Sikorsky HEX 2-Rotor Tiltwing (technology demonstrator),HEX 2-Rotor Tiltwing autonomous hybrid-electric passenger VTOL technology demonstrator aircraft,
sikorsky-hex-4-rotor,https://evtol.news/sikorsky-hex-4-rotor,Sikorsky HEX 4-Rotor Tiltwing (concept design),Autonomous hybrid-electric passenger VTOL 4-rotor tiltwing concept design aircraft,
sikorsky-hex-helicopter,https://evtol.news/sikorsky-hex-helicopter,Sikorsky HEX Helicopter (concept design),Autonomous hybrid-electric passenger VTOL helicopter concept design,Electric Rotorcraft
sirius-aviation-sirius-business-jet-concept-design,https://evtol.news/sirius-aviation-sirius-business-jet-concept-design,Sirius Aviation Sirius Business Jet (concept design),Hybrid-electric VTOL regional concept design aircraft,
sirius-aviation-sirius-evtol-jet,https://evtol.news/sirius-aviation-sirius-evtol-jet,Sirius Aviation Sirius eVTOL Jet (defunct),Long-range eVTOL concept design jet aircraft,
sirius-aviation-sirius-hybrid-electric-vtol-jet,https://evtol.news/sirius-aviation-sirius-hybrid-electric-vtol-jet,Sirius Aviation Sirius Hybrid-Electric VTOL Jet (defunct),Long-range hydrogen-electric VTOL concept design jet aircraft,
sirius-aviation-sirius-millennium-jet-concept-design,https://evtol.news/sirius-aviation-sirius-millennium-jet-concept-design,Sirius Aviation Sirius Millennium Jet (concept design),Hybrid-electric VTOL regional concept design aircraft,
sirrandalot-emerald-flyer,https://evtol.news/sirrandalot-emerald-flyer,Sirrandalot Emerald Flyer,Hybrid-electric or all-electric VTOL passenger aircraft,
sky-chaser,https://evtol.news/sky-chaser,Sky Chaser (technology demonstrator),Subscale and full-scale Hybrid-electric VTOL technology demonstrator aircraft,Lift plus Cruise
sky-chaser-concept-design,https://evtol.news/sky-chaser-concept-design,Sky Chaser (concept design),"Hybrid-electric VTOL aircraft, roadable and amphibious vehicle",
skyboom,https://evtol.news/skyboom,SkyBoom eVTOL Automobiles (concept design),,
skydrive-sd-01,https://evtol.news/skydrive-sd-01,SkyDrive SD-01 (technology demonstrator),,Wingless (Multicopter
skybus-consortium-skybus,https://evtol.news/skybus-consortium-skybus,Skybus Consortium Skybus (concept design),Long-range passenger eVTOL concept design aircraft,Lift plus Cruise
skydrive-sd-02,https://evtol.news/skydrive-sd-02,SkyDrive SD-02 (technology demonstrator),Passenger eVTOL aircraft (technology demonstrator),Wingless (Multicopter
skydrive-sd-03,https://evtol.news/skydrive-sd-03,SkyDrive SD-03 (technology demonstrator),Passenger eVTOL aircraft (technology demonstrator),Wingless (Multicopter
skydrive-sd-05,https://evtol.news/skydrive-sd-05,SkyDrive SD-05 (concept design),Passenger eVTOL aircraft (concept design),Wingless (Multicopter
skydrive-sd-05-prototype,https://evtol.news/skydrive-sd-05-prototype,SkyDrive SD-05 (prototype),Passenger eVTOL multicopter aircraft (prototype),Wingless (Multicopter
skydrive-sd-xx,https://evtol.news/skydrive-sd-xx,SkyDrive SD-XX (concept design),Autonomous passenger eVTOL aircraft and ground vehicle (concept design),Wingless (Multicopter
skydrive-skylift,https://evtol.news/skydrive-skylift,SkyDrive SkyLift (cargo drone),Scalable air cargo eVTOL drone production model,Wingless (Multicopter
skyflow-motorcycle-hover-bike,https://evtol.news/skyflow-motorcycle-hover-bike,Skyflow Motorcycle/Hover Bike,,Hoverbikes
skyfly-technologies-axe,https://evtol.news/skyfly-technologies-axe,Skyfly Technologies Axe (concept design),eVTOL passenger aircraft (and has a hybrid-electric VTOL option),
skyfly-technologies-axe-prototype,https://evtol.news/skyfly-technologies-axe-prototype,Skyfly Technologies Axe (prototype),Passenger eVTOL full-scale prototype aircraft,
skykar-rebel,https://evtol.news/skykar-rebel,Pivotal Rebel (proof of concept),Passenger eVTOL proof of concept aircraft,
skynet-project-genesys-x-1,https://evtol.news/skynet-project-genesys-x-1,Skynet Project Genesys X-1,eVTOL passenger aircraft,
skynet-project-ueva,https://evtol.news/skynet-project-ueva,Skynet Project Genesys X-2,Hybrid-electric or all-electric VTOL passenger aircraft,
skyworks-aeronautics-gyroliner,https://evtol.news/skyworks-aeronautics-gyroliner,Skyworks Aeronautics GyroLiner,Turbine or hybrid-electric compound gyroplane VTOL aircraft for passengers or cargo,Electric Rotorcraft
skyworks-aeronautics-scouthawk,https://evtol.news/skyworks-aeronautics-scouthawk,Skyworks Aeronautics ScoutHawk,"Gyrocopter, capable of using multiple powertrains",Electric Rotorcraft
skyworks-global-egyro,https://evtol.news/skyworks-global-egyro,Skyworks Aeronautics eGyro,,Electric Rotorcraft
smd-shenzhen-smart-drone-uav-v3000,https://evtol.news/smd-shenzhen-smart-drone-uav-v3000,SMD Shenzhen Smart Drone UAV V3000 (concept design),Long-range passenger hydrogen-fuel cell eVTOL concept design aircraft,
smd-shenzhen-smart-drone-uav-v800,https://evtol.news/smd-shenzhen-smart-drone-uav-v800,SMD Shenzhen Smart Drone UAV V800 (production model),Long-range air cargo eVTOL production aircraft,Lift plus Cruise
smd-tieniu-q280,https://evtol.news/smd-tieniu-q280,SMD Shenzhen Smart Drone UAV Tieniu Q280 (production model),Air cargo eVTOL multicopter production aircraft,Wingless (Multicopter
smolensk-aviation-plant-aerotaxi,https://evtol.news/smolensk-aviation-plant-aerotaxi,Smolensk Aviation Plant AeroTaxi,eVTOL passenger and air cargo aircraft,
smolensk-joint-development-evtol,https://evtol.news/smolensk-joint-development-evtol,Smolensk Joint Development eVTOL,eVTOL passenger/cargo aircraft,Lift plus Cruise
sora-aviation-limited-s-1,https://evtol.news/sora-aviation-limited-s-1,Sora Aviation Limited S-1 (concept design),Regional short-haul passenger eVTOL aircraft (concept design),
southeast-university-dongda-kunpeng-1,https://evtol.news/southeast-university-dongda-kunpeng-1,Southeast University Dongda Kunpeng 1 (technology demonstrator),Air passenger air ground eVTOL technology demonstrator vehicle,Wingless (Multicopter
spector-cargo-bee-alpha,https://evtol.news/spector-cargo-bee-alpha,Spector Cargo Bee Alpha (concept design),Emergency rescue eVTOL multicopter (concept design),Wingless (Multicopter
spydar-drakar,https://evtol.news/spydar-drakar,SpyDar Drakar,Hybrid-electric VTOL stealth military Special Forces carrying concept design aircraft,Lift plus Cruise
spydar-m-star,https://evtol.news/spydar-m-star,SpyDar M-Star,Autonomous eVTOL passenger aircraft,Lift plus Cruise
star-8-green-ecav-100,https://evtol.news/star-8-green-ecav-100,Star 8 Green ECAV 100,eVTOL multicopter cargo drone,
star-8-green-ecav-150,https://evtol.news/star-8-green-ecav-150,Star 8 Green ECAV 150,eVTOL multicopter cargo drone,
star-8-green-ecav-50,https://evtol.news/star-8-green-ecav-50,Star 8 Green ECAV 50,eVTOL multicopter cargo drone,Wingless (Multicopter
star-8-green-emav-2-flying-car,https://evtol.news/star-8-green-emav-2-flying-car,Star 8 Green EMAV-2 Flying Car,Passenger eVTOL multicopter,Wingless (Multicopter
star-8-green-emav-2-flying-taxi,https://evtol.news/star-8-green-emav-2-flying-taxi,Star 8 Green EMAV-2 Flying Taxi,eVTOL multicopter,Wingless (Multicopter
star-8-green-emav-4-flying-taxi,https://evtol.news/star-8-green-emav-4-flying-taxi,Star 8 Green EMAV-4 Flying Taxi,Passenger eVTOL multicopter,Wingless (Multicopter
star-8-green-emav-sports-flyer,https://evtol.news/star-8-green-emav-sports-flyer,Star 8 Green EMAV Sports Flyer,eVTOL racing multicopter,Wingless (Multicopter
star-8-green-hoverboard-v10,https://evtol.news/star-8-green-hoverboard-v10,Star 8 Green Hoverboard V1.0,eVTOL hoverboard,Wingless (Multicopter
star-8-green-hoverboard-v20,https://evtol.news/star-8-green-hoverboard-v20,Star 8 Green Hoverboard V2.0,eVTOL multicopter hoverboard,Wingless (Multicopter
star-8-green-rescue-drone,https://evtol.news/star-8-green-rescue-drone,Star 8 Green Rescue Drone,eVTOL multicopter rescue drone,Wingless (Multicopter
starling-jet,https://evtol.news/starling-jet,ARC Aerosystems Starling Jet (concept design),Hybrid-electric VTOL passenger concept design aircraft,
stepan-cea-electric-helicopter,https://evtol.news/stepan-cea-electric-helicopter,Stepan CEA Electric Helicopter (concept design),Electric helicopter with NOTAR (no tail rotor) tail rotor technology,Electric Rotorcraft
stepan-im-cargo-drone,https://evtol.news/stepan-im-cargo-drone,Stepan IM Cargo Drone (concept design),Heavy-lift hybrid-electric VTOL intermodal container cargo drone concept design rotorcraft,Electric Rotorcraft
stepan-navar-falcon,https://evtol.news/stepan-navar-falcon,Stepan Navar Falcon (concept design),Long-range high-performance hybrid-electric VTOL passenger concept design aircraft,Lift plus Cruise
stepan-navar-aero,https://evtol.news/stepan-navar-aero,Stepan Navar Aero (concept design),Long-range high-performance hybrid-electric VTOL passenger concept design aircraft,Lift plus Cruise
stepan-navar-kestrel,https://evtol.news/stepan-navar-kestrel,Stepan Navar Kestrel (concepts design),Hybrid-electric VTOL passenger concept design aircraft,Lift plus Cruise
stian-nilsen-xflier,https://evtol.news/stian-nilsen-xflier,Nilsen Xflier (concept design),Passenger eVTOL concept design aircraft,
stielau-electric-helicopter,https://evtol.news/stielau-electric-helicopter,Stielau Electric Helicopter,Electric helicopter,Electric Rotorcraft
streamlined-main-dynamics-aava,https://evtol.news/streamlined-main-dynamics-aava,Streamlined Main Dynamics AAVa,eVTOL passenger aircraft,
stuttgart-aerospace-apollo,https://evtol.news/stuttgart-aerospace-apollo,Stuttgart Aerospace Apollo,High performance eVTOL aircraft,
stuttgart-aerospace-cargo-box,https://evtol.news/stuttgart-aerospace-cargo-box,Stuttgart Aerospace Cargo Box,eVTOL cargo aircraft,
stuttgart-aerospace-ems,https://evtol.news/stuttgart-aerospace-ems,Stuttgart Aerospace VMax,eVTOL first responder aircraft,
stuttgart-aerospace-eolos,https://evtol.news/stuttgart-aerospace-eolos,Stuttgart Aerospace Eolos,eVTOL aircraft,
stuttgart-aerospace-eolos-1,https://evtol.news/stuttgart-aerospace-eolos-1,Stuttgart Aerospace Eolos 1,eVTOL or hybrid-electric VTOL personal aircraft,
stuttgart-aerospace-eolos-model-2,https://evtol.news/stuttgart-aerospace-eolos-model-2,Stuttgart Aerospace Eolos 2,eVTOL aircraft,
stuttgart-aerospace-fire-department,https://evtol.news/stuttgart-aerospace-fire-department,Stuttgart Aerospace Hephestos,eVTOL fire fighting aircraft,Wingless (Multicopter
stuttgart-aerospace-parmenion,https://evtol.news/stuttgart-aerospace-parmenion,Stuttgart Aerospace Parmenion,eVTOL or hybrid-electric VTOL utility aircraft,
subaru-air-mobility-concept,https://evtol.news/subaru-air-mobility-concept,Subaru Air Mobility Concept (concept design),Passenger eVTOL concept design aircraft,Wingless (Multicopter
subaru-land-and-air,https://evtol.news/subaru-land-and-air,Subaru Land-and-Air (concept design),Passenger hybrid-electric VTOL motorcycle and hoverbike,
subramaniam-ferrari-impulse,https://evtol.news/subramaniam-ferrari-impulse,Subramaniam Ferrari Impulse (concept design),"Modular passenger electric helicopter, watercraft and snowmobile concept design vehicle",Electric Rotorcraft
supernal-hyundai-motor-group-s-a2-concept-design,https://evtol.news/supernal-hyundai-motor-group-s-a2-concept-design,Supernal (Hyundai Motor Group) S-A2 (concept design),Passenger eVTOL concept design aircraft,
swallow-vtol,https://evtol.news/swallow-vtol,Swallow VTOL,,Lift plus Cruise
swallow-vtol-3-thruster-version,https://evtol.news/swallow-vtol-3-thruster-version,Swallow VTOL - 3 thruster version,,Lift plus Cruise
talon-lift-talon,https://evtol.news/talon-lift-talon,Embry-Riddle Talon Lift Talon (concept design),Passenger rescue eVTOL multicopter aircraft (concept design),Wingless (Multicopter
talyn-air-unnamed,https://evtol.news/talyn-air-unnamed,Talyn Air Unnamed (concept design),eVTOL aircraft,Lift plus Cruise
tatsumi-huam-earthquake-rescue,https://evtol.news/tatsumi-huam-earthquake-rescue,Tatsumi Huam Earthquake Rescue (concept design),Emergency rescue passenger eVTOL aircraft (concept design),Lift plus Cruise
tcab-tech-e20,https://evtol.news/tcab-tech-e20,TCab Tech E20 (prototype),Passenger eVTOL advanced air mobility (AAM) full scale prototype aircraft,
tcab-tech-e20-concept-design,https://evtol.news/tcab-tech-e20-concept-design,TCab Tech E20 (concept design),Passenger eVTOL concept design aircraft,
tcab-tech-e20-subscale-prototype,https://evtol.news/tcab-tech-e20-subscale-prototype,TCab Tech E20 (subscale prototype),50% sub-scale eVTOL prototype aircraft,
tcab-tech-e20-technology-demonstrator,https://evtol.news/tcab-tech-e20-technology-demonstrator,TCab Tech E20 (technology demonstrator),eVTOL technology demonstrator,
technoplane-mini-bee-air-taxi,https://evtol.news/technoplane-mini-bee-air-taxi,Technoplane Mini-Bee Air Taxi (concept design),Hybrid-electric VTOL VIP air taxi concept design aircraft,
technoplane-mini-bee-cargo,https://evtol.news/technoplane-mini-bee-cargo,Technoplane Mini-Bee Cargo (concept design),Hybrid-electric VTOL cargo concept design aircraft,
technoplane-mini-bee-decacopter,https://evtol.news/technoplane-mini-bee-decacopter,Technoplane Mini-Bee Decacopter (concept design),Hybrid-electric VTOL passenger multicopter concept design aircraft,Wingless (Multicopter
technoplane-mini-bee-ems,https://evtol.news/technoplane-mini-bee-ems,Technoplane Mini-Bee EMS (concept design),Hybrid-electric VTOL EMS concept design aircraft,
technoplane-mini-bee-hc,https://evtol.news/technoplane-mini-bee-hc,Technoplane Mini-Bee HC (concept design),Hybrid-electric VTOL passenger aircraft,
technoplane-mini-bee-hexacontacopter,https://evtol.news/technoplane-mini-bee-hexacontacopter,Technoplane Mini-Bee Hexacontacopter (concept design),Hybrid-electric VTOL passenger multicopter concept design aircraft,Wingless (Multicopter
technoplane-mini-bee-hexacopter,https://evtol.news/technoplane-mini-bee-hexacopter,Technoplane Mini-Bee Hexacopter (concept design),Hybrid-electric VTOL passenger multicopter concept design aircraft,Wingless (Multicopter
technoplane-mini-bee-hexatriacontacopter,https://evtol.news/technoplane-mini-bee-hexatriacontacopter,Technoplane Mini-Bee Hexatriacontacopter (concept design),Hybrid-electric VTOL passenger multicopter concept design aircraft,Wingless (Multicopter
technoplane-mini-bee-octacopter,https://evtol.news/technoplane-mini-bee-octacopter,Technoplane Mini-Bee Octacopter (concept design),Hybrid-electric VTOL passenger multicopter concept design aircraft,Wingless (Multicopter
technoplane-mini-bee-octadecacopter,https://evtol.news/technoplane-mini-bee-octadecacopter,Technoplane Mini-Bee Octadecacopter (concept design),Hybrid-electric VTOL passenger multicopter concept design aircraft,Wingless (Multicopter
technoplane-mini-bee-quadcopter,https://evtol.news/technoplane-mini-bee-quadcopter,Technoplane Mini-Bee Quadcopter (concept design),Hybrid-electric long-range VTOL passenger concept design aircraft,Lift plus Cruise
technoplane-mini-bee-sport,https://evtol.news/technoplane-mini-bee-sport,Technoplane Mini-Bee Sport (concept design),Hybrid-electric VTOL concept design racing aircraft,
technoplane-mini-bee-tr1,https://evtol.news/technoplane-mini-bee-tr1,Technoplane Mini-Bee TR1 (concept design),Hybrid-electric VTOL passenger tilt-rotor concept design aircraft,
technoplane-mini-bee-tr2,https://evtol.news/technoplane-mini-bee-tr2,Technoplane Mini-Bee TR2 (concept design),Hybrid-electric VTOL EMS tandem tilt-wing concept design aircraft,
technoplane-mini-bee-tr3,https://evtol.news/technoplane-mini-bee-tr3,Technoplane Mini-Bee TR3 (concept design),Hybrid-electric VTOL passenger concept design aircraft,
technoplane-mini-bee-tr4,https://evtol.news/technoplane-mini-bee-tr4,Technoplane Mini-Bee TR4 (concept design),Hybrid-electric VTOL VIP passenger concept design aircraft,
techxgeek-marie,https://evtol.news/techxgeek-marie,TechXGeek Marie,eVTOL or hybrid-electric passenger aircraft,Lift plus Cruise
tecnalia,https://evtol.news/tecnalia,Crisalion Mobility New Concept 1 (defunct),eVTOL prototype multicopter aircraft,Wingless (Multicopter
teledrone-mark-i,https://evtol.news/teledrone-mark-i,Teledrone Mark I (defunct),Sub-scale eVTOL multicopter prototype,Hoverbikes
teledrone-mark-ii,https://evtol.news/teledrone-mark-ii,Teledrone Mark II (defunct),Sub-scale eVTOL multicopter prototype,Hoverbikes
teledrone-mark-iii,https://evtol.news/teledrone-mark-iii,Teledrone Mark III (defunct),Sub-scale eVTOL multicopter prototype,Hoverbikes
teledrone-mark-iv,https://evtol.news/teledrone-mark-iv,Teledrone Mark IV (defunct),Full scale eVTOL multicopter prototype,Hoverbikes
teledrone-mark-v-scale,https://evtol.news/teledrone-mark-v-scale,Teledrone Mark V (defunct),Sub-scale passenger eVTOL multicopter aircraft sub-scale prototype,Hoverbikes
teledrone-mark-vi-subscale-demonstrator,https://evtol.news/teledrone-mark-vi-subscale-demonstrator,Teledrone Mark VI (defunct),Sub-scale eVTOL multicopter prototype,Hoverbikes
teledrone-mark-viii,https://evtol.news/teledrone-mark-viii,Teledrone Mark VIII (prototype),3/4 subscale passenger eVTOL multicopter (prototype),Hoverbikes
teledrone-mk-vii,https://evtol.news/teledrone-mk-vii,Teledrone Mark VII (prototype),Sub-scale eVTOL multicopter prototype aircraft,Hoverbikes
terrafugia-tf-2,https://evtol.news/terrafugia-tf-2,Terrafugia TF-2,"Hybrid-electric VTOL and in the future 100% electric VTOL (eVTOL) Ground vehicle: Hybrid-electric and in the future 100% electric, loading t",Lift plus Cruise
terrafugia-tf-2a,https://evtol.news/terrafugia-tf-2a,Terrafugia TF-2A (production aircraft),eVTOL,Lift plus Cruise
terrifugia-tf-2a-demonstrator,https://evtol.news/terrifugia-tf-2a-demonstrator,Terrafugia TF-2A (demonstrator),,Lift plus Cruise
tesla-concept-model-v,https://evtol.news/tesla-concept-model-v,Davies Tesla Concept Model V (concept design),eVTOL passenger concept design aircraft,
tetra-aviation-mk-5,https://evtol.news/tetra-aviation-mk-5,teTra Aviation Mk-5 (production model),"Passenger eVTOL kit production model (In the USA, experimental aircraft.)",Lift plus Cruise
tetra-aviation-mk-7-prototype,https://evtol.news/tetra-aviation-mk-7-prototype,teTra Aviation Mk-7 (prototype),Passenger eVTOL prototype aircraft,Lift plus Cruise
texas-am-university-harmony,https://evtol.news/texas-am-university-harmony,"Texas A&M University, Harmony Aeronautics, Harmony (prototypes)",Uncrewed 1/3 subscale eVTOL multicopter aircraft (prototype),Hoverbikes
textron-eaviation-evtol,https://evtol.news/textron-eaviation-evtol,Textron eAviation Nexus (concept design),eVTOL passenger aircraft,
the-eplane-company-unnamed-evtol,https://evtol.news/the-eplane-company-unnamed-evtol,The ePlane Company e200,eVTOL air taxi and air cargo service,Lift plus Cruise
the-goliath-series-pegasus,https://evtol.news/the-goliath-series-pegasus,Kozloff Pegasus,Hybrid-electric VTOL passenger aircraft,
the-midnight-sky-transporter-helicopter,https://evtol.news/the-midnight-sky-transporter-helicopter,The Midnight Sky Transporter Helicopter (concept design),Heavy-lift military passenger and cargo hybrid-electric helicopter concept design,Electric Rotorcraft
this-is-engineering-shift-compson,https://evtol.news/this-is-engineering-shift-compson,This Is Engineering Shift Compson (concept design),Passenger eVTOL full scale prototype,
this-is-engineering-shift-compson-prototype,https://evtol.news/this-is-engineering-shift-compson-prototype,This Is Engineering Shift Compson (prototype),Passenger eVTOL full scale prototype,
this-is-engineering-shift-compson-wing,https://evtol.news/this-is-engineering-shift-compson-wing,This Is Engineering Shift Compson Wing (concept design),Passenger eVTOL full scale prototype,
tianjin-banlan-aviation-technology-company-evtol,https://evtol.news/tianjin-banlan-aviation-technology-company-evtol,Banlan Aviation Technology Company ET-124 (prototype),Passenger eVTOL multicopter prototype aircraft,Hoverbikes  Wingless (Multicopter
tianmushan-laboratory-vortex-f1,https://evtol.news/tianmushan-laboratory-vortex-f1,Tianmushan Laboratory Vortex-F1 (production model),Passenger eVTOL multicopter production model aircraft,Wingless (Multicopter
tier-1-engineering-e-r44-2nd-generation,https://evtol.news/tier-1-engineering-e-r44-2nd-generation,Tier 1 Engineering e-R44 2nd Generation,Electric helicopter demonstrator,Electric Rotorcraft
tier-1-engineering-e-r44-3rd-generation,https://evtol.news/tier-1-engineering-e-r44-3rd-generation,Tier 1 Engineering e-R44 3rd Generation,Electric helicopter demonstrator,Electric Rotorcraft
titan-air-mobility-hexi-solo,https://evtol.news/titan-air-mobility-hexi-solo,Titan Air Mobility HEXI Solo (concept design),Passenger eVTOL or heVTOL concept design aircraft,
titan-air-mobility-hexi-solo-cargo,https://evtol.news/titan-air-mobility-hexi-solo-cargo,Titan Air Mobility HEXI Solo Cargo (concept design),Air cargo eVTOL or heVTOL concept design aircraft,
toyota-cargo-drone,https://evtol.news/toyota-cargo-drone,Toyota Cargo Drone,,Lift plus Cruise
transcend-air-v-421,https://evtol.news/transcend-air-v-421,Transcend Air V-421 (concept design),Military hybrid-electric passenger and cargo VTOL concept design aircraft,
transcend-air-v-621,https://evtol.news/transcend-air-v-621,Transcend Air V-621 (concept design),Military hybrid-electric passenger and cargo VTOL concept design aircraft,
transcend-air-v-641,https://evtol.news/transcend-air-v-641,Transcend Air V-641 (concept design),Long-range heavy-lift hybrid-electric VTOL passenger and cargo concept design military aircraft,
transcend-air-v-653,https://evtol.news/transcend-air-v-653,Transcend Air V-653 (concept design),Long-range heavy-lift hybrid-electric VTOL passenger and cargo concept design military aircraft,
transcend-air-vy-400r,https://evtol.news/transcend-air-vy-400r,Transcend Air Vy 400R (concept design),Long-range hybrid-electric VTOL passenger concept design aircraft,
transcend-air-vy-421,https://evtol.news/transcend-air-vy-421,Transcend Air Vy 421 (concept design),Hybrid-electric long-range passenger eVTOL aircraft,
transcend-elytron-2s-prototype-11,https://evtol.news/transcend-elytron-2s-prototype-11,Elytron 2S Prototype 11 (experimental),Experimental Elytron 2S Proto 11 (Prototype 11) hybrid-electric VTOL passenger full scale experimental aircraft variant,
transfuture-aviation-honghu-mark-1,https://evtol.news/transfuture-aviation-honghu-mark-1,TransFuture Aviation Honghu Mark 1 (prototype),Passenger eVTOL prototype aircraft,Lift plus Cruise
trek-aerospace-air-car,https://evtol.news/trek-aerospace-air-car,Trek Aerospace DuoTrek 1.0 (concept design),Passenger hybrid-electric VTOL concept design aircraft,Lift plus Cruise
trek-aerospace-dragonfly,https://evtol.news/trek-aerospace-dragonfly,Trek Aerospace Dragonfly (prototype),Conventional passenger VTOL prototype aircraft (Can be converted to an all electric VTOL or hybrid-electric VTOL aircraft),Hoverbikes
trek-aerospace-duotrek-20,https://evtol.news/trek-aerospace-duotrek-20,Trek Aerospace DuoTrek 2.0 (concept design),Passenger hybrid-electric VTOL concept design aircraft,Wingless (Multicopter
trek-aerospace-elesi,https://evtol.news/trek-aerospace-elesi,Trek Aerospace Elesi (concept design),Passenger eVTOL concept design aircraft,
trek-aerospace-flykart-1,https://evtol.news/trek-aerospace-flykart-1,Trek Aerospace FlyKart 1 (prototype),eVTOL passenger aircraft,Hoverbikes
trek-aerospace-flykart-3,https://evtol.news/trek-aerospace-flykart-3,Trek Aerospace FlyKart 3 (prototype),Passenger eVTOL hoverbike multicopter prototype aircraft,Hoverbikes
trek-aerospace-logdrone,https://evtol.news/trek-aerospace-logdrone,Trek Aerospace LogDrone (concept design),Scalable air cargo eVTOL concept design multicopter,Wingless (Multicopter
trek-aerospace-mule,https://evtol.news/trek-aerospace-mule,Trek Aerospace Mule (concept design),Hybrid-electric air cargo VTOL concept design aircraft,Wingless (Multicopter
trek-aerospace-nightingale,https://evtol.news/trek-aerospace-nightingale,Trek Aerospace Nightingale (concept design),Medevac passenger hybrid-electric VTOL concept design aircraft,Wingless (Multicopter
trek-aerospace-nytngale,https://evtol.news/trek-aerospace-nytngale,Trek Aerospace Nytngale (concept design),Rescue passenger eVTOL concept design multicopter aircraft,Wingless (Multicopter
trek-aerospace-oav-ii,https://evtol.news/trek-aerospace-oav-ii,Trek Aerospace OAV-II (concept design),Heavy-lift military surveillance hybrid-electric VTOL concept design drone,
trek-aerospace-oviwun,https://evtol.news/trek-aerospace-oviwun,Trek Aerospace OVIWUN (production model),Scalable air cargo eVTOL drone production model,
trek-aerospace-scorpion,https://evtol.news/trek-aerospace-scorpion,Trek Aerospace Scorpion (concept design),Hybrid-electric VTOL or eVTOL passenger aircraft,
trek-aerospace-solotrek-xfv,https://evtol.news/trek-aerospace-solotrek-xfv,Trek Aerospace SoloTrek XFV (prototype),Exo-skeletal one passenger VTOL backpack helicopter prototype aircraft,
trek-aerospace-solotrek-xfvc,https://evtol.news/trek-aerospace-solotrek-xfvc,Trek Aerospace SoloTrek XFVC (concept design),"One person VTOL, eVTOL or hybrid-electric VTOL concept design backpack aircraft",Hoverbikes
trek-aerospace-solotrek-xfvm,https://evtol.news/trek-aerospace-solotrek-xfvm,Trek Aerospace SoloTrek XFVM (concept design),"One person VTOL, eVTOL or hybrid-electric VTOL concept design backpack military helicopter aircraft",Hoverbikes
trek-aerospace-springtail,https://evtol.news/trek-aerospace-springtail,Trek Aerospace SoloTrek Springtail EFV (prototype),One person VTOL backpack helicopter prototype aircraft,Hoverbikes
trek-aerospace-tern,https://evtol.news/trek-aerospace-tern,Trek Aerospace TERN (concept design),Heavy-lift hybrid-electric VTOL concept design military drone,
trek-aerospace-tyrannos,https://evtol.news/trek-aerospace-tyrannos,Trek Aerospace Tyrannos (concept design),Passenger hybrid-electric VTOL ground/air military concept design vehicle,Lift plus Cruise
tupan-aircraft-tupan-1000,https://evtol.news/tupan-aircraft-tupan-1000,Tupan Aircraft Tupan 1000,Hybrid-electric VTOL (or eVTOL) uncrewed scalable cargo aircraft,
turkey-demirkanat-helicopter-team,https://evtol.news/turkey-demirkanat-helicopter-team,Turkey Demirkanat Helicopter Team (concept design),eVTOL passenger concept design aircraft,
turkish-technic-esinti,https://evtol.news/turkish-technic-esinti,Turkish Technic Esinti,eVTOL passenger multicopter,Wingless (Multicopter
uasystems-ezelos-air-taxi,https://evtol.news/uasystems-ezelos-air-taxi,UASystems eZELOS 300 Air Taxi (defunct),Hybrid-electric or all-electric defunct concept design helicopter air taxi,Electric Rotorcraft
uasystems-ezelos-poc,https://evtol.news/uasystems-ezelos-poc,UASystems eZELOS 300 POC (defunct),Hybrid-electric or all-electric proof of concept defunct concept design helicopter,Electric Rotorcraft
uasystems-ezelos-s4,https://evtol.news/uasystems-ezelos-s4,UASystems eZELOS S4 Twin-Hybrid Air Taxi  (concept design),Hybrid-electric compound coaxial passenger concept design helicopter,Electric Rotorcraft
uasystems-ezelos-twin-hybrid-air-taxi,https://evtol.news/uasystems-ezelos-twin-hybrid-air-taxi,UASystems eZELOS S3 Twin-Hybrid Air Taxi (defunct),Hybrid-electric defunct concept design helicopter air taxi,Electric Rotorcraft
uasystems-ezelos-twin-hybrid-cargo,https://evtol.news/uasystems-ezelos-twin-hybrid-cargo,UASystems eZELOS C4 Cargo Twin-Hybrid (concept design),Hybrid-electric air cargo concept design helicopter,Electric Rotorcraft
uavos-sumoair,https://evtol.news/uavos-sumoair,UAVOS SumoAir,Airtaxi eVTOL concept design,Electric Rotorcraft
uber-elevate-ecrm-001,https://evtol.news/uber-elevate-ecrm-001,Uber Elevate eCRM-001,"eVTOL passenger aircraft Pilot: 1 Passengers: 4 Boarding: On one side of the aircraft, only Electric propellers: 10 propellers Forward fligh",
uber-elevate-ecrm-002,https://evtol.news/uber-elevate-ecrm-002,Uber Elevate eCRM-002,"eVTOL passenger aircraft Pilot: 1 Passengers: 4 Boarding: On one side of the aircraft, only Electric propellers: 14 propellers Forward fligh",Lift plus Cruise
uber-elevate-ecrm-003,https://evtol.news/uber-elevate-ecrm-003,Uber Elevate eCRM-003,,Lift plus Cruise
uber-elevate-ecrm-004,https://evtol.news/uber-elevate-ecrm-004,Uber Elevate eCRM-004,eVTOL passenger aircraft Pilot: 1 Passengers: 4 B,
udx-research-airwolf,https://evtol.news/udx-research-airwolf,UDX Research Airwolf (concept design),Passenger eVTOL concept design hoverbike,Hoverbikes
umiles-next-concept-integrity,https://evtol.news/umiles-next-concept-integrity,Crisalion Mobility Concept Integrity 1 (prototype),eVTOL passenger and cargo aircraft,
umiles-next-integrity-3,https://evtol.news/umiles-next-integrity-3,Crisalion Mobility Integrity 3 (concept design),eVTOL passenger and cargo aircraft,
uniqopter-uniqopter,https://evtol.news/uniqopter-uniqopter,Uniqopter Inc. Uniqopter,Hybrid-electric VTOL passenger aircraft,Wingless (Multicopter
united-aircraft-corp-sukhoi-s-76,https://evtol.news/united-aircraft-corp-sukhoi-s-76,United Aircraft Corp Sukhoi S-76 Atlas Transport (prototype),Long range heavy-lift uncrewed air cargo eVTOL drone,Lift plus Cruise
united-aircraft-q100,https://evtol.news/united-aircraft-q100,United Aircraft Q100 (production model),Agricultural eVTOL drone (production model),Wingless (Multicopter
university-of-illinois-illini-air-shuttle,https://evtol.news/university-of-illinois-illini-air-shuttle,University of Illinois Illini Air Shuttle,Medium size eVTOL passenger aircraft,
university-of-maryland-blitzen,https://evtol.news/university-of-maryland-blitzen,University of Maryland Blitzen (concept design),eVTOL passenger helicopter,Electric Rotorcraft
university-of-maryland-starling,https://evtol.news/university-of-maryland-starling,University of Maryland Starling (concept design),eVTOL passenger concept design air taxi,
urban-evtol-leo-coupe,https://evtol.news/urban-evtol-leo-coupe,LEO Flight LEO Coupe (concept design),Passenger eVTOL aircraft (concept design),Lift plus Cruise
urban-evtol-lynx,https://evtol.news/urban-evtol-lynx,LEO Flight Lynx (defunct),Air cargo eVTOL military aircraft concept design (defunct),Lift plus Cruise
v-space-v-speeder,https://evtol.news/v-space-v-speeder,V_Space V Speeder V1,Passenger eVTOL prototype multicopter aircraft,Hoverbikes
vadar-x-h1,https://evtol.news/vadar-x-h1,Vadar X-H1,Hybrid-electric VTOL,Wingless (Multicopter
varon-vehicles-v210,https://evtol.news/varon-vehicles-v210,Varon Vehicles V210,"eVTOL concept aircraft to use to collect data needed to build vertiports, make airlanes and determine how to safely fly multiple eVTOL aircr",Wingless (Multicopter
vea-aviation-pa-890,https://evtol.news/vea-aviation-pa-890,VEA Aviation PA-890,Slowed rotor winged compound eVTOL helicopter,Electric Rotorcraft
velo-x-aerospace-velocitor-x-1,https://evtol.news/velo-x-aerospace-velocitor-x-1,Velo X Aerospace Velocitor X-1 (concept design),Passenger eVTOL multicopter concept design aircraft,Wingless (Multicopter
vertaxi-matrix-1-prototype,https://evtol.news/vertaxi-matrix-1-prototype,Vertaxi Matrix 1 (prototype),Passenger and air cargo eVTOL prototype aircraft,Lift plus Cruise
vertical-aerospace-seraph,https://evtol.news/vertical-aerospace-seraph,Vertical Aerospace VA-X2 (prototype),eVTOL prototype uncrewed multicopter,Wingless (Multicopter
vertical-aerospace-va-1x,https://evtol.news/vertical-aerospace-va-1x,Vertical Aerospace VX4 (prototype),eVTOL UAM aircraft,
vertiia,https://evtol.news/vertiia,AMSL Aero Vertiia (prototype),Passenger and air cargo and hydrogen hybrid-electric VTOL prototype aircraft,
vertilectric-volpire-gf,https://evtol.news/vertilectric-volpire-gf,VertiLectric Volpire GF,eVTOL passenger aircraft,
vertiflite,https://evtol.news/vertiflite,Electric VTOL News™ - News on electric vertical takeoff & landing (eVTOL) aircraft,,
victor-u250-m,https://evtol.news/victor-u250-m,ERC System Victor U250-M (production model),Heavy-lift high-speed air cargo hybrid-electric VTOL military drone (production model),Lift plus Cruise
vfs-videos,https://evtol.news/vfs-videos,Videos,,
vight-v1,https://evtol.news/vight-v1,Vight V1 (concept design),Passenger eVTOL aircraft (concept design),
vinata-aeromobility,https://evtol.news/vinata-aeromobility,Vinata Aeromobility Flying Car (concept design),Hybrid-electric VTOL aircraft and road vehicle,Wingless (Multicopter
vinata-aeromobility-cargo-drone,https://evtol.news/vinata-aeromobility-cargo-drone,Vinata Aeromobility Air Cargo (concept design),Hybrid-electric VTOL cargo drone,Wingless (Multicopter
vira-drones-m-1000-helicopter,https://evtol.news/vira-drones-m-1000-helicopter,Vira Drones M-1000 Helicopter (concept design),Heavy-lift hybrid-electric VTOL concept design rotorcraft,Electric Rotorcraft
vira-drones-m-1000a,https://evtol.news/vira-drones-m-1000a,Vira Drones M-1000A Logistic (concept design),Heavy-lift hybrid-electric VTOL concept design aircraft,Wingless (Multicopter
vira-drones-m-1000b,https://evtol.news/vira-drones-m-1000b,Vira Drones M-1000B (concept design),Heavy-lift hybrid-electric VTOL concept design modular aircraft,Wingless (Multicopter
vira-drones-m-1000c,https://evtol.news/vira-drones-m-1000c,Vira Drones M-1000C (concept design),Heavy-lift hybrid-electric VTOL concept design modular aircraft,Wingless (Multicopter
vira-drones-m-1000d,https://evtol.news/vira-drones-m-1000d,Vira Drones M-1000D (concept design),Heavy-lift hybrid-electric VTOL concept design modular aircraft,Wingless (Multicopter
vira-drones-m-250-logistic,https://evtol.news/vira-drones-m-250-logistic,Vira Drones M-250 Logistic (concept design),Heavy-lift hybrid-electric VTOL concept design aircraft,Wingless (Multicopter
vira-drones-m-450-fire-rescue,https://evtol.news/vira-drones-m-450-fire-rescue,Vira Drones M-450 Fire Rescue (concept design),Fire rescue hybrid-electric VTOL concept design aircraft,Wingless (Multicopter
vira-drones-m-500-logistic,https://evtol.news/vira-drones-m-500-logistic,Vira Drones M-500 Logistic (concept design),Heavy-lift hybrid-electric VTOL concept design aircraft,Wingless (Multicopter
vira-drones-m-750-logistic,https://evtol.news/vira-drones-m-750-logistic,Vira Drones M-750 Logistic (concept design),Heavy-lift hybrid-electric VTOL concept design aircraft,Wingless (Multicopter
virginia-tech-rescue-bird,https://evtol.news/virginia-tech-rescue-bird,Virginia Tech Rescue Bird (concept design),Emergency rescue passenger electric eVTOL multicopter concep design,Wingless (Multicopter
vision-aeronautics-vector-5,https://evtol.news/vision-aeronautics-vector-5,Vision Aeronautics Vector 5 (concept design),Passenger eVTOL concept design aircraft,Lift plus Cruise
vivame-stycraft-iside,https://evtol.news/vivame-stycraft-iside,Vivame Stycraft Iside (prototype),Passenger eVTOL prototype,Wingless (Multicopter
vmo-sky-garden-full-scale-mockup,https://evtol.news/vmo-sky-garden-full-scale-mockup,V.MO Sky Garden (full scale mockup),eVTOL flying prototype passenger aircraft,Lift plus Cruise
volant-aerotech-ve25-x1-technology-demonstrator,https://evtol.news/volant-aerotech-ve25-x1-technology-demonstrator,Volant Aerotech VE25-100 (technology demonstrator),eVTOL passenger technology demonstrator,Lift plus Cruise
volerian-century,https://evtol.news/volerian-century,Volerian Century,eVTOL passenger aircraft,
volant-aerotech-vt-25,https://evtol.news/volant-aerotech-vt-25,Volant Aerotech VT-25 Tiny (proof of concept),Subscale eVTOL proof of concept aircraft,
volerian-cosmopolitan,https://evtol.news/volerian-cosmopolitan,Volerian Cosmopolitan,eVTOL passenger aircraft,
volerian-lander,https://evtol.news/volerian-lander,Volerian Lander,eVTOL passenger aircraft,
volerian-echo,https://evtol.news/volerian-echo,Volerian Echo,eVTOL passenger aircraft,
volkswagen-group-china-vmo-flying-tiger-prototype-1,https://evtol.news/volkswagen-group-china-vmo-flying-tiger-prototype-1,Volkswagen Group China V.MO Flying Tiger (Prototype 1),eVTOL flying subscale prototype passenger aircraft,Lift plus Cruise
volocopter-2x,https://evtol.news/volocopter-2x,Volocopter 2X (prototype),Passenger eVTOL multicopter aircraft,Wingless (Multicopter
volocopter-e-volo-uvc100-cargo-defunct,https://evtol.news/volocopter-e-volo-uvc100-cargo-defunct,Volocopter e-volo uVC100 cargo (defunct),eVTOL or hybrid-electric VTOL cargo design concept,Wingless (Multicopter
volocopter-e-volo-uvc200-cargo-defunct,https://evtol.news/volocopter-e-volo-uvc200-cargo-defunct,Volocopter e-volo uVC200 cargo (defunct),eVTOL or hybrid-electric VTOL cargo design concept,Wingless (Multicopter
volocopter-e-volo-vc007-defunct,https://evtol.news/volocopter-e-volo-vc007-defunct,Volocopter e-volo VC007 (defunct),eVTOL concept design to show investors,Wingless (Multicopter
volocopter-e-volo-uvc400-cargo-defunct,https://evtol.news/volocopter-e-volo-uvc400-cargo-defunct,Volocopter e-volo uVC400 cargo (defunct),eVTOL or hybrid-electric VTOL cargo design concept,Wingless (Multicopter
volocopter-e-volo-vc100-defunct,https://evtol.news/volocopter-e-volo-vc100-defunct,Volocopter e-volo VC100 (defunct),Passenger eVTOL concept design multicopter aircraft,Wingless (Multicopter
volocopter-vc-evolution-1p,https://evtol.news/volocopter-vc-evolution-1p,Volocopter VC Evolution 1P (defunct),eVTOL,Wingless (Multicopter
volocopter-e-volo-vc400-defunct,https://evtol.news/volocopter-e-volo-vc400-defunct,Volocopter e-volo VC400 (defunct),Passenger eVTOL or hybrid-electric VTOL concept design multicopter aircraft,Wingless (Multicopter
volocopter-vc-evolution-2p,https://evtol.news/volocopter-vc-evolution-2p,Volocopter VC Evolution 2P (defunct),Passenger eVTOL multicopter concept design aircraft,Wingless (Multicopter
volocopter-vc1-vc2,https://evtol.news/volocopter-vc1-vc2,Volocopter VC1 (defunct prototype),Passenger eVTOL multicopter prototype,Wingless (Multicopter
volocopter-vc2-defunct-prototype,https://evtol.news/volocopter-vc2-defunct-prototype,Volocopter VC2 (defunct prototype),Passenger eVTOL multicopter prototype aircraft,Wingless (Multicopter
volocopter-volocity,https://evtol.news/volocopter-volocity,Volocopter VoloCity (prototype),"eVTOL passenger multicopter aircraft Pilot: 1 pilot (in the future, the aircraft will have autonomous piloting) Passengers: 1 passenger plus",Wingless (Multicopter
volocopter-volodrone,https://evtol.news/volocopter-volodrone,Volocopter VoloDrone (prototype),eVTOL multicopter prototype cargo drone,Wingless (Multicopter
volocopter-voloconnect,https://evtol.news/volocopter-voloconnect,Volocopter VoloRegion (prototype),Full-scale uncrewed eVTOL aircraft (prototype),Lift plus Cruise
volocopter-voloxpro,https://evtol.news/volocopter-voloxpro,Volocopter VoloXPro (production model),Ultralight passenger eVTOL multicopter production aircraft,Wingless (Multicopter
voltline-skyla,https://evtol.news/voltline-skyla,Voltline Skyla (prototype),eVTOL one passenger prototype multicopter aircraft,Wingless (Multicopter
voltline-skylav1,https://evtol.news/voltline-skylav1,Voltline Skyla_V1 (prototype),eVTOL one passenger prototype multicopter aircraft,Wingless (Multicopter
voltline-skylav2-production-aircraft,https://evtol.news/voltline-skylav2-production-aircraft,Voltline Skyla_V2 (production aircraft),eVTOL one passenger multicopter production aircraft,Wingless (Multicopter
vox-aircraft-m400,https://evtol.news/vox-aircraft-m400,VOX Aircraft M400,Hybrid-electric VTOL passenger aircraft,Lift plus Cruise
vspace-v-speeder-concept-design,https://evtol.news/vspace-v-speeder-concept-design,V_Space V Speeder (concept design),One passenger eVTOL concept design multicopter aircraft,
vspace-v-speeder-v2,https://evtol.news/vspace-v-speeder-v2,V_Space V Speeder V2,Passenger eVTOL prototype multicopter aircraft,Hoverbikes
vspace-v-speeder-v3,https://evtol.news/vspace-v-speeder-v3,V_Space V Speeder V3,eVTOL passenger multicopter concept design aircraft,Hoverbikes
vspace-v-speeder-x-concept-design,https://evtol.news/vspace-v-speeder-x-concept-design,V_Space V Speeder-X (concept design),One passenger or air cargo eVTOL concept design multicopter aircraft,Wingless (Multicopter
vtol-aviation-india-abhigyaan-nx,https://evtol.news/vtol-aviation-india-abhigyaan-nx,VTOL Aviation India Abhiyaan NX (mock-up),,Lift plus Cruise
vtol-aviation-india-abhiyaan-enm800,https://evtol.news/vtol-aviation-india-abhiyaan-enm800,VTOL Aviation India Abhiyaan ENM800,Hybrid-electric VTOL air taxi aircraft,Lift plus Cruise
vtol-aviation-india-abhiyaan-enu800,https://evtol.news/vtol-aviation-india-abhiyaan-enu800,VTOL Aviation India Abhiyaan ENU800,Hybrid-electric or eVTOL heavy-lift military cargo/combat drone,Lift plus Cruise
vtol-aviation-india-akshaj-hnx150,https://evtol.news/vtol-aviation-india-akshaj-hnx150,VTOL Aviation India Akshaj HNX150,Hybrid-electric or eVTOL heavy-lift military cargo and surveillance drone,Lift plus Cruise
vtol-aviation-india-akshansh-hnx300,https://evtol.news/vtol-aviation-india-akshansh-hnx300,VTOL Aviation India Akshansh HNX300,Hybrid-electric or eVTOL heavy-lift military cargo and surveillance drone,Lift plus Cruise
vtol-aviation-india-akshat-hnx75,https://evtol.news/vtol-aviation-india-akshat-hnx75,VTOL Aviation India Akshat HNX75,"Hybrid-electric or eVTOL heavy-lift military cargo, surveillance drone and more",Lift plus Cruise
vtol-aviation-india-kirtiman-hnm2500,https://evtol.news/vtol-aviation-india-kirtiman-hnm2500,VTOL Aviation India Kirtiman HNM2500,Hybrid-electric or eVTOL luxury air taxi aircraft,Lift plus Cruise
walliams-chitty-chitty-bang-bang,https://evtol.news/walliams-chitty-chitty-bang-bang,Walliams Chitty Chitty Bang Bang,"Prototype fantasy eVTOL passenger and ground vehicle; however, it is not road worthy but could be",Wingless (Multicopter
wanfeng-auto-holding-group-wanfeng-diamond,https://evtol.news/wanfeng-auto-holding-group-wanfeng-diamond,Wanfeng Auto Holding Group Wanfeng Diamond (concept design),Passenger eVTOL concept design aircraft,Lift plus Cruise
wefly,https://evtol.news/wefly,WeFly (Qifei Aviation Technology) WF-02 (concept design),Long range passenger and air cargo eVTOL concept design aircraft,Lift plus Cruise
wefly-qifei-aviation-technology-wf-01,https://evtol.news/wefly-qifei-aviation-technology-wf-01,WeFly (Qifei Aviation Technology) WF-01 (subscale prototype),eVTOL subscale prototype aircraft,Lift plus Cruise
wefly-wf-02-technology-demonstrator,https://evtol.news/wefly-wf-02-technology-demonstrator,WeFly (Qifei Aviation Technology) WF-02 (technology demonstrator),Uncrewed multicopter eVTOL technology demonstrator,Wingless (Multicopter
wenzhou-duofu-aviation-industry-group-co-pegasus,https://evtol.news/wenzhou-duofu-aviation-industry-group-co-pegasus,Pegasus International Group Pegasus E Class (production model),Passenger hybrid-electric helicopter and road vehicle,Electric Rotorcraft
weslax-hylift,https://evtol.news/weslax-hylift,Weslax HyLift,Hybrid-electric VTOL air cargo aircraft,Wingless (Multicopter
weslax-hysky,https://evtol.news/weslax-hysky,Weslax HySky,Hybrid-electric VTOL aircraft,Wingless (Multicopter
weslax-proof-of-concept,https://evtol.news/weslax-proof-of-concept,Weslax Proof of Concept,Hybrid-electric VTOL proof of concept aircraft,Wingless (Multicopter
winged-tiger-aviation-tianyi-ti,https://evtol.news/winged-tiger-aviation-tianyi-ti,Winged Tiger Aviation Tianyi-Ti (prototype),Air-ground passenger eVTOL multicopter module prototype vehicle,Wingless (Multicopter
wisk-aero-formerly-zee-aero-poc-generation-1,https://evtol.news/wisk-aero-formerly-zee-aero-poc-generation-1,"Wisk Aero Generation 1, POC (proof of concept)",Uncrewed full-scale eVTOL proof of concept aircraft,Lift plus Cruise
wisk-aero-formerly-kitty-hawk-cora-generation-4,https://evtol.news/wisk-aero-formerly-kitty-hawk-cora-generation-4,"Wisk Aero Generation 4, Cora (technology demonstrator)",Autonomous passenger eVTOL aircraft (technology demonstrator),Lift plus Cruise
wisk-aero-formerly-zee-aero-z-p1-generation-2,https://evtol.news/wisk-aero-formerly-zee-aero-z-p1-generation-2,"Wisk Aero Generation 2, Z-P1 (proof of concept)","Crewed eCTOL aircraft (proof of concept), to validate an eVTOL aircraft",Lift plus Cruise
wisk-aero-formerly-zee-aero-z-p2-generation-3,https://evtol.news/wisk-aero-formerly-zee-aero-z-p2-generation-3,"Generation 3, Z-P2 (proof of concept)",Full-scale crewed eVTOL aircraft (proof of concept),Lift plus Cruise
wisk-aero-generation-6,https://evtol.news/wisk-aero-generation-6,Wisk Aero Generation 6 (pre-production prototype),Autonomous passenger eVTOL pre-production all weather aircraft,
xagon-solutions-xc-heavy,https://evtol.news/xagon-solutions-xc-heavy,Xagon Solutions XC Heavy,Hybrid-electric VTOL heavy-lift cargo drone,
xeriant-halo,https://evtol.news/xeriant-halo,Xeriant Halo,eVTOL or hybrid-electric scalable passenger aircraft and drone,
xiamen-tengxi-aviation-dragonfly-ev2000,https://evtol.news/xiamen-tengxi-aviation-dragonfly-ev2000,Teching Aviation Technologies Dragonfly-EV2000 (subscale prototype),Passenger eVTOL full-scale production aircraft,
xpeng-aeroht-evtol-flying-car-concept-design,https://evtol.news/xpeng-aeroht-evtol-flying-car-concept-design,XPeng AeroHT eVTOL Flying Car (concept design),Passenger eVTOL ground and air multicopter aircraft,Wingless (Multicopter
xpeng-aeroht-modular-flying-car-concept-design,https://evtol.news/xpeng-aeroht-modular-flying-car-concept-design,Aridge (XPeng) Land Aircraft Carrier (production model),Passenger eVTOL multicopter production model that fits inside a custom made hybrid-electric off-road van,Wingless (Multicopter
xpeng-aeroht-snow-flyer-concept-design,https://evtol.news/xpeng-aeroht-snow-flyer-concept-design,XPeng AeroHT Snow Flyer (concept design),eVTOL passenger scalable multicopter snow vehicle concept design,Wingless (Multicopter
xpeng-aeroht-tilt-wing-technology-demonstrator,https://evtol.news/xpeng-aeroht-tilt-wing-technology-demonstrator,XPeng AeroHT Tilt-Wing (technology demonstrator),eVTOL tilt-wing technology aircraft,
xpeng-aeroht-voyager-x1,https://evtol.news/xpeng-aeroht-voyager-x1,XPeng AeroHT Voyager X1 (production model),eVTOL passenger multicopter,Wingless (Multicopter
xpeng-aeroht-x3,https://evtol.news/xpeng-aeroht-x3,XPeng AeroHT X3 (concept design),Hybrid-electric VTOL passenger multicopter aircraft and a road legal vehicle (a flying car),Wingless (Multicopter
xpeng-aeroht-x3-technology-demonstrator,https://evtol.news/xpeng-aeroht-x3-technology-demonstrator,XPeng AeroHT X3 (technology demonstrator),Passenger eVTOL aircraft and roadable technology demonstrator vehicle,Wingless (Multicopter
xpeng-aeroht-x5,https://evtol.news/xpeng-aeroht-x5,Aridge (XPeng) A868 (concept design),Long range passenger hybrid-electric eVTOL aircraft (concept design),Lift plus Cruise
xpeng-ht-aero-flying-car,https://evtol.news/xpeng-ht-aero-flying-car,XPeng AeroHT Flying Car (concept design),Hybrid-electric VTOL passenger ground and air concept design vehicle,Wingless (Multicopter
xpeng-voyager-x2,https://evtol.news/xpeng-voyager-x2,XPeng AeroHT Voyager X2 (production model),eVTOL multicopter,Wingless (Multicopter
xti-trifan-200,https://evtol.news/xti-trifan-200,XTI Aircraft TriFan 200 (cargo),Hybrid-electric VTOL cargo aircraft,
xti-trifan-600,https://evtol.news/xti-trifan-600,XTI Aircraft TriFan 600,"Twin-turboshaft passenger VTOL airplane, with plans to convert to hybrid-electric and finally all-electric propulsion as technologies mature",
xunfei-aviation-wenyu,https://evtol.news/xunfei-aviation-wenyu,Sichuan Xunfei Aviation Wenyu (subscale prototype),Passenger eVTOL full-scale concept design aircraft (to eventually made into their production aircraft),
yee-flying-car-concept-design,https://evtol.news/yee-flying-car-concept-design,Yee Flying Car (concept design),Roadable eVTOL passenger vehicle concept design,
yixiang-uav-team-evtol,https://evtol.news/yixiang-uav-team-evtol,Yixiang UAV Team Harbin Institute of Technology eVTOL (concept design),Passenger hydrogen fueled eVTOL concept design aircraft,Lift plus Cruise
zapata-airscooter,https://evtol.news/zapata-airscooter,Zapata AirScooter (prototype),Hybrid-electric VTOL passenger multicopter aircraft,Wingless (Multicopter
zero-gravity-zg-1,https://evtol.news/zero-gravity-zg-1,Zero Gravity ZG-1 (prototype),Passenger eVTOL prototype aircraft,Wingless (Multicopter
zero-gravity-zg-one,https://evtol.news/zero-gravity-zg-one,Zero Gravity ZG-ONE (concept design),eVTOL passenger and air cargo concept design aircraft,Wingless (Multicopter
zero-gravity-zg-one-production-model,https://evtol.news/zero-gravity-zg-one-production-model,Zero Gravity ZG-ONE (production model),eVTOL passenger and cargo aircraft,Wingless (Multicopter
zero-gravity-zg-t6,https://evtol.news/zero-gravity-zg-t6,Zero Gravity ZG-T6 (concept design),eVTOL passenger and air cargo concept design aircraft,
zero-gravity-zg-vc2,https://evtol.news/zero-gravity-zg-vc2,Zero Gravity ZG-VC2 (concept design),eVTOL passenger and air cargo concept design aircraft,Lift plus Cruise
zeva-aero-argon,https://evtol.news/zeva-aero-argon,Alpine Vertical Argon (concept design),Passenger long-range hybrid-electric VTOL (and CTOL optional) concept design aircraft,Lift plus Cruise
zeva-z2,https://evtol.news/zeva-z2,Zeva Aero Z2 (concept design),eVTOL passenger aircraft,
zhang-prototype-2,https://evtol.news/zhang-prototype-2,Zhang Prototype 2 (prototype),Passenger eVTOL multicopter prototype aircraft,Wingless (Multicopter
zhang-prototype-3,https://evtol.news/zhang-prototype-3,Zhang Prototype 3 (prototype),Passenger eVTOL multicopter prototype aircraft,Wingless (Multicopter
zhejiang-university-extended-range-evtol,https://evtol.news/zhejiang-university-extended-range-evtol,Zhejiang University Extended Range eVTOL (prototype),Passenger eVTOL multicopter prototype aircraft,Wingless (Multicopter
zhuhai-svffi-aviation-sf-80,https://evtol.news/zhuhai-svffi-aviation-sf-80,Zhuhai Svffi Aviation SF-80,eVTOL heavy-lift air cargo multicopter,Wingless (Multicopter
zhuhai-svffi-aviation-sf-dl-180,https://evtol.news/zhuhai-svffi-aviation-sf-dl-180,Zhuhai Svffi Aviation SF-DL-180,eVTOL multicopter passenger aircraft,Wingless (Multicopter
zhuhai-svffi-aviation-sf-x8-f23k-75,https://evtol.news/zhuhai-svffi-aviation-sf-x8-f23k-75,Zhuhai Svffi Aviation SF-X8-F23K-75,eVTOL multicopter passenger multicopter,Wingless (Multicopter
zhuhai-svffi-aviation-svf-180,https://evtol.news/zhuhai-svffi-aviation-svf-180,Zhuhai Svffi Aviation SVF-180,eVTOL multicopter passenger aircraft,Wingless (Multicopter
zuri,https://evtol.news/zuri,Zuri (concept design),Passenger hybrid-electric VTOL aircraft (concept design),Lift plus Cruise
zuri-cargo,https://evtol.news/zuri-cargo,Zuri Cargo (production model),Uncrewed air cargo hybrid-electric VTOL aircraft (production model),
zuri-20,https://evtol.news/zuri-20,Zuri 2.0 (concept design),Passenger or air cargo hybrid-electric VTOL aircraft (concept design),
zuri-technology-demonstrator,https://evtol.news/zuri-technology-demonstrator,Zuri TD 1.0 (technology demonstrator),Subscale eVTOL technology demonstrator,Lift plus Cruise
